Employee_ID,Age,Department,Distance_From_Home,Monthly_Income,Overtime,Job_Satisfaction,Stock_Option_Level,Attrition
1001,24,R&D,10.0,2048.0,No,2.0,0,1
1002,50,Sales,9.0,5518.0,Yes,2.0,1,0
1003,56,Sales,20.0,6724.0,Yes,1.0,0,1
1004,39,R&D,5.0,5359.0,No,1.0,2,0
1005,41,Sales,10.0,5254.0,Yes,3.0,2,1
1006,44,R&D,28.0,4001.0,No,4.0,1,0
1007,55,Sales,13.0,7365.0,No,2.0,0,0
1008,54,HR,22.0,6932.0,No,1.0,2,0
1009,31,Sales,13.0,3921.0,No,4.0,2,0
1010,54,R&D,8.0,7626.0,No,1.0,0,0
1011,54,R&D,8.0,7216.0,No,4.0,0,0
1012,47,R&D,13.0,5713.0,No,3.0,1,0
1013,41,HR,19.0,4640.0,Yes,3.0,0,0
1014,36,HR,27.0,4150.0,No,3.0,3,0
1015,58,R&D,23.0,7266.0,No,4.0,2,0
1016,54,R&D,16.0,6789.0,Yes,1.0,0,0
1017,38,R&D,2.0,5067.0,Yes,4.0,3,0
1018,26,Sales,23.0,2255.0,No,4.0,2,0
1019,25,R&D,11.0,3253.0,No,3.0,3,0
1020,24,R&D,29.0,2160.0,Yes,4.0,3,1
1021,42,Sales,6.0,5873.0,No,3.0,2,0
1022,24,Sales,5.0,9455.0,No,1.0,3,0
1023,42,Sales,11.0,4019.0,No,3.0,3,0
1024,29,R&D,22.0,3672.0,No,4.0,2,0
1025,57,R&D,5.0,7838.0,No,4.0,1,0
1026,50,R&D,16.0,5768.0,No,2.0,0,0
1027,55,Sales,16.0,6690.0,No,1.0,2,0
1028,43,R&D,23.0,6041.0,No,4.0,0,0
1029,52,Sales,17.0,6150.0,No,2.0,2,0
1030,49,Sales,7.0,6295.0,No,1.0,2,0
1031,56,R&D,13.0,7846.0,No,2.0,0,0
1032,55,Sales,18.0,6878.0,Yes,4.0,1,0
1033,34,HR,10.0,4558.0,Yes,3.0,3,1
1034,25,Sales,23.0,2006.0,No,4.0,0,0
1035,27,HR,24.0,2718.0,No,4.0,0,0
1036,22,Sales,11.0,2587.0,No,4.0,0,0
1037,33,Sales,,4323.0,No,4.0,2,0
1038,56,R&D,4.0,6864.0,Yes,3.0,1,0
1039,32,HR,22.0,4051.0,No,2.0,0,0
1040,44,Sales,23.0,4959.0,No,4.0,3,0
1041,35,R&D,29.0,3098.0,No,4.0,0,0
1042,40,R&D,7.0,4574.0,Yes,2.0,1,1
1043,58,R&D,20.0,7214.0,Yes,2.0,2,1
1044,37,HR,13.0,4050.0,No,2.0,0,0
1045,49,Sales,8.0,6104.0,Yes,1.0,0,1
1046,52,Sales,15.0,7112.0,No,3.0,3,0
1047,28,R&D,7.0,3045.0,Yes,2.0,1,1
1048,48,R&D,19.0,6641.0,No,3.0,1,0
1049,38,Sales,28.0,5563.0,No,4.0,1,0
1050,28,R&D,17.0,3488.0,No,1.0,0,1
1051,36,Sales,19.0,4780.0,No,3.0,2,0
1052,33,Sales,16.0,4444.0,No,2.0,1,0
1053,29,Sales,12.0,2790.0,No,2.0,0,0
1054,23,R&D,8.0,3051.0,No,3.0,1,0
1055,59,HR,28.0,8338.0,No,3.0,1,0
1056,47,R&D,22.0,6150.0,No,3.0,1,0
1057,42,Sales,28.0,5292.0,No,3.0,1,0
1058,34,Sales,3.0,12276.0,Yes,2.0,3,0
1059,40,R&D,15.0,4565.0,No,1.0,1,1
1060,39,Sales,18.0,4775.0,No,2.0,1,0
1061,23,R&D,27.0,2861.0,Yes,4.0,3,1
1062,49,Sales,21.0,6052.0,Yes,4.0,2,0
1063,44,R&D,1.0,5180.0,Yes,1.0,2,1
1064,25,R&D,11.0,2758.0,No,4.0,2,0
1065,25,Sales,5.0,2635.0,Yes,4.0,3,0
1066,33,R&D,24.0,3389.0,No,3.0,0,1
1067,43,R&D,28.0,5545.0,No,4.0,2,0
1068,47,Sales,6.0,5614.0,Yes,3.0,2,0
1069,56,Sales,20.0,7561.0,Yes,2.0,2,0
1070,25,R&D,25.0,2188.0,No,2.0,1,1
1071,33,R&D,15.0,3282.0,No,4.0,3,0
1072,25,Sales,21.0,3102.0,No,3.0,3,0
1073,52,R&D,22.0,6896.0,Yes,1.0,2,1
1074,28,R&D,7.0,3333.0,No,2.0,3,0
1075,31,Sales,5.0,4288.0,No,4.0,1,0
1076,45,R&D,17.0,5734.0,No,4.0,3,0
1077,36,R&D,14.0,4700.0,No,4.0,2,0
1078,41,Sales,2.0,4487.0,Yes,4.0,2,0
1079,28,Sales,7.0,3216.0,No,3.0,0,0
1080,34,Sales,11.0,3646.0,No,2.0,2,0
1081,49,R&D,7.0,5712.0,No,2.0,2,0
1082,39,R&D,24.0,4379.0,No,2.0,2,0
1083,32,R&D,12.0,3945.0,No,4.0,0,0
1084,57,Sales,19.0,8454.0,Yes,4.0,3,0
1085,57,R&D,25.0,7771.0,No,3.0,1,0
1086,23,R&D,19.0,2213.0,Yes,4.0,3,1
1087,38,R&D,6.0,5618.0,No,4.0,1,0
1088,27,R&D,24.0,3132.0,No,1.0,3,1
1089,44,R&D,17.0,5377.0,Yes,3.0,0,1
1090,37,R&D,8.0,4904.0,No,3.0,0,0
1091,47,Sales,14.0,6057.0,No,1.0,0,0
1092,22,R&D,1.0,3258.0,No,3.0,1,0
1093,57,Sales,7.0,7978.0,No,2.0,1,0
1094,51,R&D,20.0,6309.0,No,3.0,3,0
1095,23,R&D,17.0,1936.0,Yes,3.0,0,1
1096,41,R&D,11.0,4825.0,No,2.0,3,0
1097,26,R&D,8.0,2183.0,No,4.0,3,0
1098,52,Sales,25.0,15026.0,Yes,1.0,3,0
1099,29,R&D,14.0,3163.0,No,4.0,0,0
1100,51,HR,3.0,6648.0,No,2.0,2,0
1101,23,Sales,20.0,2959.0,No,4.0,2,0
1102,34,R&D,2.0,4175.0,No,4.0,3,0
1103,25,R&D,20.0,2487.0,Yes,4.0,0,1
1104,29,Sales,17.0,3396.0,No,1.0,1,1
1105,46,R&D,18.0,6046.0,Yes,2.0,2,0
1106,28,Sales,2.0,2424.0,No,2.0,2,0
1107,35,R&D,28.0,4101.0,Yes,4.0,0,1
1108,50,R&D,19.0,6628.0,No,,0,0
1109,42,Sales,23.0,4973.0,Yes,1.0,1,1
1110,58,Sales,29.0,7832.0,No,4.0,3,0
1111,54,Sales,6.0,7416.0,No,2.0,3,0
1112,46,Sales,5.0,7098.0,No,1.0,1,0
1113,35,R&D,7.0,5089.0,Yes,3.0,3,0
1114,30,Sales,8.0,2919.0,No,2.0,3,1
1115,36,Sales,5.0,4673.0,No,3.0,0,0
1116,28,HR,2.0,3669.0,No,1.0,2,0
1117,23,Sales,20.0,2765.0,No,,0,0
1118,52,Sales,14.0,6829.0,Yes,2.0,3,0
1119,28,R&D,14.0,2782.0,No,4.0,0,0
1120,32,R&D,28.0,3602.0,No,2.0,0,0
1121,34,R&D,10.0,4215.0,No,3.0,1,0
1122,34,Sales,14.0,4742.0,No,4.0,0,0
1123,47,Sales,10.0,6069.0,Yes,4.0,3,0
1124,29,Sales,25.0,3533.0,No,1.0,1,1
1125,35,HR,23.0,3829.0,No,1.0,3,1
1126,23,Sales,11.0,2670.0,Yes,4.0,2,0
1127,36,Sales,27.0,4287.0,Yes,3.0,2,1
1128,45,R&D,3.0,5189.0,No,1.0,1,0
1129,55,R&D,14.0,7616.0,No,1.0,0,0
1130,25,Sales,12.0,2688.0,Yes,1.0,3,1
1131,39,Sales,13.0,5302.0,No,4.0,0,0
1132,46,Sales,14.0,5160.0,No,3.0,3,0
1133,45,R&D,21.0,5536.0,No,4.0,2,0
1134,27,Sales,13.0,3289.0,Yes,3.0,0,1
1135,55,Sales,12.0,6551.0,Yes,3.0,0,0
1136,59,R&D,5.0,7983.0,No,3.0,0,0
1137,24,R&D,5.0,1902.0,No,3.0,2,0
1138,40,HR,24.0,4917.0,No,4.0,2,0
1139,57,Sales,24.0,8174.0,Yes,3.0,0,0
1140,40,Sales,15.0,5170.0,Yes,2.0,2,0
1141,49,R&D,21.0,6594.0,No,2.0,1,0
1142,31,R&D,5.0,3282.0,No,4.0,3,0
1143,39,HR,6.0,4823.0,No,3.0,3,0
1144,25,Sales,25.0,3136.0,No,3.0,1,0
1145,33,R&D,14.0,4115.0,No,1.0,0,0
1146,48,Sales,16.0,5719.0,No,2.0,0,0
1147,50,R&D,7.0,6558.0,Yes,2.0,1,0
1148,33,HR,9.0,3862.0,Yes,3.0,1,0
1149,32,Sales,24.0,3368.0,Yes,4.0,0,0
1150,25,R&D,8.0,2400.0,No,2.0,2,0
1151,45,R&D,4.0,5747.0,Yes,3.0,0,0
1152,47,Sales,28.0,6327.0,Yes,4.0,2,0
1153,49,HR,19.0,6548.0,No,1.0,1,0
1154,25,Sales,25.0,2882.0,No,4.0,1,0
1155,57,Sales,8.0,8297.0,No,3.0,2,0
1156,36,Sales,29.0,4409.0,No,2.0,1,0
1157,43,Sales,12.0,5418.0,No,4.0,0,0
1158,45,Sales,20.0,6413.0,Yes,4.0,2,0
1159,45,R&D,12.0,5485.0,Yes,3.0,0,0
1160,58,Sales,4.0,7817.0,No,3.0,0,0
1161,26,R&D,8.0,3359.0,No,1.0,3,0
1162,27,Sales,9.0,3031.0,No,1.0,2,0
1163,31,R&D,24.0,11485.0,No,2.0,2,0
1164,24,R&D,22.0,3304.0,No,3.0,2,1
1165,59,Sales,5.0,7182.0,No,3.0,1,0
1166,55,Sales,28.0,6906.0,No,4.0,3,0
1167,27,R&D,25.0,3525.0,No,1.0,1,1
1168,31,R&D,23.0,3583.0,Yes,3.0,2,1
1169,37,R&D,27.0,5211.0,No,2.0,0,0
1170,50,R&D,19.0,6170.0,No,4.0,3,0
1171,24,HR,5.0,2069.0,Yes,4.0,1,1
1172,32,R&D,26.0,11810.0,Yes,3.0,3,0
1173,58,HR,4.0,7620.0,Yes,3.0,0,0
1174,25,Sales,19.0,3034.0,No,,3,0
1175,25,Sales,25.0,1714.0,No,2.0,0,1
1176,45,HR,1.0,5364.0,No,1.0,2,0
1177,49,Sales,9.0,6288.0,No,4.0,0,0
1178,56,R&D,1.0,6896.0,No,4.0,0,0
1179,59,HR,2.0,7561.0,No,3.0,2,0
1180,45,R&D,15.0,5523.0,No,2.0,2,0
1181,43,R&D,21.0,5785.0,No,1.0,1,0
1182,47,R&D,16.0,6243.0,Yes,3.0,0,0
1183,39,R&D,15.0,4585.0,No,3.0,1,0
1184,24,R&D,15.0,2574.0,No,4.0,2,0
1185,32,HR,26.0,4141.0,No,3.0,0,0
1186,30,Sales,14.0,3305.0,No,3.0,2,0
1187,54,R&D,28.0,7938.0,No,1.0,1,1
1188,47,Sales,24.0,5873.0,No,3.0,2,0
1189,57,R&D,4.0,8149.0,No,3.0,1,0
1190,25,R&D,27.0,1568.0,No,2.0,2,0
1191,23,R&D,17.0,2942.0,Yes,1.0,0,1
1192,29,R&D,24.0,3497.0,No,3.0,2,0
1193,28,HR,15.0,2861.0,No,2.0,0,0
1194,57,Sales,25.0,7595.0,No,4.0,2,0
1195,55,R&D,2.0,7728.0,No,2.0,2,0
1196,40,Sales,8.0,5027.0,Yes,1.0,2,1
1197,50,R&D,21.0,6165.0,No,1.0,2,1
1198,27,Sales,18.0,2932.0,No,4.0,3,0
1199,31,Sales,3.0,3572.0,No,1.0,3,0
1200,26,R&D,16.0,3174.0,No,1.0,2,1
1201,45,R&D,17.0,4954.0,No,1.0,1,0
1202,43,Sales,3.0,5754.0,Yes,3.0,2,0
1203,47,R&D,2.0,5683.0,No,2.0,3,0
1204,58,Sales,17.0,8014.0,No,4.0,2,0
1205,50,R&D,4.0,7071.0,No,4.0,2,0
1206,57,R&D,21.0,7545.0,No,3.0,1,0
1207,41,HR,5.0,5091.0,No,4.0,2,0
1208,39,R&D,7.0,5036.0,No,,3,0
1209,36,R&D,24.0,4270.0,No,2.0,3,0
1210,36,R&D,23.0,5153.0,Yes,1.0,2,1
1211,45,R&D,4.0,5324.0,No,3.0,0,0
1212,50,Sales,14.0,6389.0,No,1.0,3,0
1213,38,R&D,2.0,4336.0,Yes,1.0,0,1
1214,46,HR,10.0,5442.0,Yes,1.0,3,1
1215,37,R&D,12.0,5010.0,Yes,1.0,2,1
1216,38,R&D,1.0,4567.0,No,1.0,3,0
1217,42,R&D,23.0,4715.0,Yes,2.0,1,0
1218,48,Sales,,6673.0,No,4.0,2,0
1219,26,HR,15.0,3121.0,No,4.0,0,0
1220,43,R&D,29.0,5879.0,No,3.0,0,0
1221,54,R&D,3.0,6818.0,No,3.0,0,0
1222,23,Sales,10.0,3131.0,No,1.0,1,1
1223,56,Sales,13.0,7801.0,No,2.0,1,0
1224,40,R&D,20.0,4885.0,Yes,2.0,1,1
1225,48,Sales,14.0,6542.0,No,4.0,2,0
1226,57,R&D,6.0,7519.0,No,2.0,2,0
1227,23,Sales,10.0,2972.0,Yes,3.0,3,1
1228,39,Sales,25.0,5017.0,No,4.0,0,0
1229,44,Sales,20.0,4803.0,No,1.0,1,1
1230,47,R&D,18.0,6566.0,No,4.0,1,0
1231,32,R&D,1.0,4179.0,No,2.0,1,0
1232,22,R&D,10.0,2106.0,No,2.0,3,0
1233,57,Sales,1.0,7068.0,No,4.0,1,0
1234,41,R&D,14.0,5715.0,Yes,,3,0
1235,52,R&D,20.0,6426.0,No,1.0,0,1
1236,29,Sales,26.0,4266.0,No,2.0,0,1
1237,45,HR,11.0,5964.0,Yes,3.0,2,0
1238,41,HR,5.0,4728.0,No,4.0,3,0
1239,36,Sales,28.0,3739.0,Yes,2.0,0,1
1240,51,R&D,7.0,6142.0,No,1.0,1,0
1241,41,R&D,3.0,5119.0,No,2.0,0,0
1242,59,Sales,17.0,7276.0,Yes,2.0,1,0
1243,23,Sales,9.0,2292.0,No,1.0,2,0
1244,27,Sales,21.0,3262.0,No,4.0,3,0
1245,39,R&D,17.0,4811.0,Yes,2.0,2,1
1246,57,R&D,2.0,7971.0,No,2.0,0,0
1247,35,Sales,23.0,4433.0,Yes,2.0,1,1
1248,47,R&D,15.0,14090.0,No,4.0,0,0
1249,55,R&D,26.0,6141.0,No,1.0,0,1
1250,51,Sales,3.0,6348.0,No,4.0,3,0
1251,28,HR,9.0,3896.0,No,2.0,3,0
1252,51,HR,2.0,6420.0,No,4.0,3,0
1253,39,Sales,10.0,4976.0,No,2.0,3,0
1254,43,HR,26.0,5238.0,No,,0,0
1255,38,R&D,18.0,4119.0,No,2.0,0,1
1256,52,R&D,16.0,6720.0,Yes,3.0,2,0
1257,38,Sales,17.0,4531.0,No,2.0,3,0
1258,52,Sales,16.0,6053.0,Yes,4.0,3,0
1259,34,Sales,26.0,3559.0,No,1.0,1,0
1260,48,R&D,12.0,6193.0,No,4.0,0,0
1261,41,Sales,9.0,4591.0,No,3.0,1,0
1262,38,R&D,9.0,13009.0,No,4.0,1,0
1263,50,R&D,23.0,6574.0,Yes,2.0,0,0
1264,56,R&D,23.0,7967.0,Yes,3.0,0,1
1265,29,R&D,26.0,3830.0,No,3.0,2,0
1266,59,R&D,15.0,15900.0,No,2.0,3,0
1267,36,HR,6.0,4646.0,No,2.0,1,0
1268,22,Sales,27.0,1458.0,No,1.0,0,1
1269,54,HR,15.0,6819.0,No,2.0,3,0
1270,24,HR,22.0,2175.0,Yes,1.0,1,1
1271,59,Sales,18.0,7129.0,No,3.0,3,0
1272,36,R&D,26.0,4764.0,Yes,1.0,1,1
1273,39,R&D,9.0,3971.0,No,4.0,2,0
1274,59,R&D,11.0,8089.0,Yes,4.0,0,0
1275,52,HR,9.0,5481.0,No,1.0,2,0
1276,41,R&D,3.0,5062.0,No,2.0,3,0
1277,28,R&D,11.0,2672.0,Yes,4.0,3,0
1278,58,HR,2.0,7401.0,No,2.0,2,0
1279,48,HR,29.0,6725.0,No,2.0,1,0
1280,29,R&D,5.0,3121.0,No,3.0,0,0
1281,35,R&D,24.0,3911.0,Yes,2.0,1,1
1282,36,R&D,19.0,4502.0,No,2.0,1,0
1283,28,HR,10.0,2483.0,Yes,1.0,0,1
1284,54,Sales,16.0,7443.0,No,2.0,3,0
1285,55,R&D,19.0,7540.0,No,2.0,0,0
1286,25,R&D,17.0,3447.0,No,2.0,3,1
1287,22,R&D,21.0,3266.0,No,2.0,2,0
1288,35,R&D,22.0,4392.0,Yes,1.0,2,1
1289,52,Sales,29.0,6695.0,No,4.0,3,0
1290,59,Sales,26.0,7939.0,Yes,3.0,1,0
1291,41,R&D,26.0,4875.0,No,4.0,2,0
1292,24,R&D,25.0,3576.0,No,1.0,1,1
1293,56,R&D,9.0,7626.0,No,3.0,0,0
1294,54,R&D,12.0,6585.0,No,4.0,2,0
1295,36,Sales,10.0,4824.0,No,2.0,0,0
1296,24,R&D,23.0,2522.0,No,1.0,2,1
1297,49,Sales,1.0,6411.0,No,1.0,3,0
1298,48,R&D,27.0,6095.0,No,2.0,3,0
1299,54,R&D,15.0,7360.0,Yes,3.0,0,0
1300,40,R&D,7.0,5116.0,No,4.0,3,0
1301,54,R&D,26.0,7859.0,No,3.0,2,0
1302,52,Sales,6.0,7212.0,No,3.0,1,0
1303,25,Sales,18.0,1851.0,No,3.0,3,0
1304,53,R&D,25.0,6999.0,Yes,2.0,1,1
1305,49,Sales,1.0,6544.0,Yes,1.0,1,0
1306,37,R&D,12.0,5134.0,No,1.0,3,0
1307,49,Sales,18.0,5530.0,No,4.0,3,0
1308,36,Sales,8.0,4827.0,Yes,4.0,3,0
1309,43,Sales,11.0,5605.0,No,2.0,2,0
1310,52,Sales,23.0,7458.0,No,3.0,1,0
1311,42,R&D,6.0,4889.0,No,4.0,2,0
1312,53,R&D,10.0,7407.0,No,4.0,2,0
1313,28,R&D,24.0,3168.0,No,4.0,3,0
1314,54,Sales,10.0,6824.0,No,4.0,3,0
1315,29,Sales,3.0,4082.0,No,4.0,0,0
1316,35,R&D,26.0,3413.0,Yes,4.0,3,1
1317,46,Sales,14.0,4853.0,No,3.0,0,0
1318,53,HR,28.0,7141.0,No,1.0,3,1
1319,49,R&D,8.0,6046.0,No,3.0,2,0
1320,23,Sales,14.0,2053.0,Yes,2.0,2,1
1321,38,Sales,3.0,5743.0,No,1.0,1,0
1322,48,Sales,2.0,6261.0,Yes,3.0,3,0
1323,23,Sales,17.0,2615.0,No,4.0,0,0
1324,29,Sales,4.0,3680.0,No,3.0,0,0
1325,59,R&D,9.0,8193.0,Yes,3.0,1,0
1326,41,Sales,20.0,5084.0,No,2.0,2,0
1327,58,Sales,27.0,7411.0,No,4.0,2,0
1328,42,R&D,27.0,5373.0,Yes,2.0,1,1
1329,47,Sales,3.0,14203.0,No,1.0,2,0
1330,52,Sales,16.0,7350.0,No,2.0,2,0
1331,41,R&D,11.0,5010.0,No,1.0,3,0
1332,27,R&D,21.0,3100.0,Yes,4.0,1,1
1333,36,Sales,3.0,4402.0,Yes,3.0,1,1
1334,22,R&D,6.0,2585.0,No,3.0,2,0
1335,47,R&D,3.0,5605.0,Yes,2.0,1,1
1336,50,R&D,9.0,6062.0,No,2.0,2,0
1337,23,R&D,19.0,2634.0,No,3.0,3,0
1338,43,R&D,11.0,5664.0,No,2.0,0,0
1339,50,Sales,20.0,7406.0,No,2.0,0,0
1340,30,R&D,17.0,3104.0,No,4.0,1,0
1341,42,Sales,6.0,5017.0,Yes,4.0,1,0
1342,53,R&D,29.0,7455.0,Yes,1.0,2,1
1343,53,Sales,13.0,7690.0,No,3.0,2,0
1344,47,R&D,1.0,5729.0,No,3.0,2,0
1345,34,Sales,25.0,5273.0,Yes,2.0,1,1
1346,24,Sales,18.0,2493.0,No,2.0,3,0
1347,53,R&D,16.0,7108.0,Yes,2.0,1,1
1348,54,R&D,25.0,7203.0,No,3.0,0,0
1349,54,R&D,20.0,6516.0,Yes,1.0,0,1
1350,34,R&D,29.0,3996.0,No,2.0,0,1
1351,27,Sales,28.0,2733.0,No,2.0,3,0
1352,25,R&D,6.0,2095.0,No,4.0,2,0
1353,59,Sales,3.0,7874.0,No,4.0,2,0
1354,27,Sales,25.0,3301.0,No,2.0,3,0
1355,24,Sales,25.0,2086.0,No,1.0,0,1
1356,48,R&D,6.0,5541.0,No,4.0,1,0
1357,41,R&D,26.0,5493.0,Yes,3.0,0,0
1358,39,R&D,6.0,5399.0,No,2.0,1,0
1359,41,R&D,17.0,4996.0,No,4.0,3,0
1360,51,R&D,20.0,6438.0,No,2.0,2,0
1361,31,Sales,16.0,3947.0,Yes,3.0,2,1
1362,44,HR,3.0,5263.0,Yes,3.0,1,1
1363,24,R&D,20.0,2825.0,No,2.0,2,0
1364,30,HR,28.0,3481.0,No,1.0,1,1
1365,40,Sales,2.0,4841.0,No,4.0,2,0
1366,57,Sales,,7713.0,No,2.0,3,0
1367,48,R&D,20.0,6444.0,No,4.0,1,0
1368,49,R&D,18.0,5921.0,Yes,3.0,1,1
1369,29,R&D,11.0,3411.0,Yes,2.0,2,0
1370,29,Sales,11.0,3579.0,No,2.0,2,1
1371,39,R&D,5.0,4028.0,No,1.0,0,1
1372,42,Sales,8.0,5352.0,No,3.0,2,0
1373,34,R&D,4.0,4307.0,No,4.0,3,0
1374,48,R&D,2.0,14294.0,No,3.0,3,0
1375,37,Sales,5.0,4907.0,No,1.0,1,0
1376,30,R&D,19.0,3716.0,No,3.0,2,0
1377,48,Sales,29.0,6311.0,No,4.0,3,0
1378,38,Sales,14.0,4755.0,No,2.0,0,0
1379,24,R&D,16.0,3028.0,No,1.0,0,0
1380,25,Sales,7.0,2551.0,Yes,2.0,0,1
1381,22,R&D,29.0,1844.0,No,4.0,0,1
1382,35,HR,,3604.0,No,3.0,2,0
1383,29,R&D,26.0,3712.0,Yes,2.0,2,1
1384,28,Sales,18.0,3569.0,No,3.0,2,0
1385,51,R&D,22.0,7195.0,No,2.0,2,0
1386,46,Sales,16.0,6226.0,No,3.0,2,0
1387,37,R&D,27.0,4668.0,No,3.0,2,0
1388,32,R&D,6.0,4081.0,Yes,1.0,1,1
1389,46,R&D,8.0,5492.0,No,2.0,1,0
1390,54,Sales,25.0,6937.0,Yes,3.0,3,1
1391,42,Sales,5.0,4927.0,Yes,2.0,0,1
1392,31,R&D,11.0,4389.0,Yes,2.0,2,1
1393,30,R&D,27.0,3812.0,Yes,1.0,1,1
1394,22,R&D,27.0,1867.0,No,1.0,0,1
1395,55,R&D,24.0,6790.0,No,4.0,1,0
1396,52,HR,6.0,6717.0,No,4.0,3,0
1397,42,Sales,5.0,5008.0,Yes,4.0,2,0
1398,45,Sales,3.0,6034.0,Yes,1.0,2,1
1399,40,Sales,20.0,4931.0,No,3.0,2,0
1400,42,R&D,18.0,4693.0,No,2.0,3,1
1401,46,Sales,26.0,5596.0,Yes,1.0,2,1
1402,41,R&D,18.0,5906.0,No,4.0,1,0
1403,47,R&D,8.0,6427.0,No,2.0,3,0
1404,28,Sales,28.0,3783.0,No,2.0,3,0
1405,24,R&D,29.0,2479.0,Yes,2.0,3,1
1406,29,Sales,10.0,2810.0,Yes,1.0,0,1
1407,51,Sales,5.0,5637.0,No,1.0,2,0
1408,32,Sales,7.0,3993.0,No,1.0,1,0
1409,29,R&D,14.0,4053.0,No,1.0,2,1
1410,58,R&D,26.0,7545.0,No,3.0,3,0
1411,38,R&D,13.0,4761.0,No,3.0,2,0
1412,29,Sales,16.0,3530.0,No,3.0,0,0
1413,51,Sales,29.0,6093.0,No,1.0,3,0
1414,37,R&D,29.0,4520.0,Yes,2.0,2,1
1415,25,Sales,16.0,2379.0,No,2.0,0,1
1416,42,R&D,14.0,4923.0,No,2.0,3,0
1417,55,Sales,8.0,8326.0,Yes,3.0,0,0
1418,56,R&D,27.0,7173.0,Yes,2.0,1,1
1419,34,Sales,24.0,4312.0,No,4.0,2,0
1420,48,R&D,26.0,5453.0,No,4.0,3,0
1421,29,R&D,17.0,3088.0,No,4.0,2,0
1422,50,HR,24.0,6762.0,Yes,4.0,3,0
1423,37,Sales,12.0,4639.0,No,3.0,0,0
1424,26,Sales,11.0,3863.0,Yes,3.0,2,1
1425,58,Sales,29.0,8593.0,No,3.0,2,0
1426,31,Sales,26.0,2415.0,Yes,4.0,3,0
1427,36,R&D,25.0,4970.0,No,2.0,1,0
1428,42,R&D,4.0,6008.0,No,2.0,2,0
1429,55,R&D,8.0,7143.0,No,1.0,2,0
1430,43,Sales,29.0,5966.0,Yes,4.0,1,0
1431,43,Sales,8.0,5537.0,No,1.0,0,0
1432,30,R&D,29.0,3692.0,No,2.0,1,0
1433,47,Sales,12.0,5852.0,Yes,1.0,1,1
1434,34,HR,15.0,3553.0,No,2.0,0,0
1435,39,R&D,23.0,5164.0,No,3.0,0,0
1436,22,Sales,12.0,2881.0,No,4.0,3,0
1437,44,Sales,9.0,6411.0,No,3.0,0,0
1438,54,Sales,25.0,7182.0,No,3.0,3,0
1439,52,R&D,29.0,6823.0,No,4.0,2,0
1440,42,R&D,10.0,5986.0,Yes,1.0,0,1
1441,44,Sales,22.0,5856.0,Yes,4.0,2,0
1442,37,R&D,4.0,5305.0,No,1.0,1,0
1443,48,R&D,29.0,5929.0,No,2.0,0,0
1444,58,R&D,14.0,7032.0,No,2.0,0,0
1445,59,Sales,29.0,7904.0,No,1.0,2,0
1446,35,R&D,6.0,4279.0,No,2.0,2,0
1447,58,Sales,28.0,7625.0,No,1.0,0,0
1448,28,R&D,4.0,3906.0,Yes,4.0,0,1
1449,33,R&D,12.0,3786.0,No,2.0,2,0
1450,49,R&D,26.0,5590.0,Yes,1.0,0,1
1451,24,Sales,19.0,2930.0,No,2.0,3,1
1452,43,Sales,22.0,5184.0,Yes,1.0,3,1
1453,42,Sales,25.0,5430.0,Yes,4.0,0,0
1454,50,R&D,12.0,6404.0,No,2.0,0,0
1455,41,R&D,6.0,4890.0,No,3.0,2,0
1456,24,HR,2.0,1940.0,No,2.0,1,0
1457,48,R&D,17.0,5566.0,No,3.0,0,0
1458,42,Sales,24.0,4964.0,No,1.0,0,1
1459,54,R&D,14.0,6801.0,No,4.0,0,0
1460,51,R&D,28.0,6786.0,No,3.0,2,0
1461,30,Sales,11.0,3436.0,Yes,3.0,1,0
1462,59,R&D,22.0,8141.0,No,1.0,2,1
1463,44,HR,15.0,4788.0,Yes,3.0,3,1
1464,44,R&D,14.0,4794.0,Yes,4.0,2,0
1465,22,R&D,17.0,2320.0,Yes,1.0,0,1
1466,42,R&D,23.0,5879.0,No,4.0,1,0
1467,53,Sales,3.0,6314.0,No,2.0,1,0
1468,47,Sales,23.0,6105.0,No,3.0,0,0
1469,54,Sales,3.0,5961.0,No,1.0,3,0
1470,30,HR,16.0,3052.0,No,2.0,0,1
1471,38,Sales,15.0,4793.0,No,4.0,2,0
1472,27,Sales,10.0,2817.0,Yes,1.0,0,1
1473,28,R&D,19.0,3121.0,Yes,3.0,2,1
1474,28,Sales,8.0,3120.0,No,3.0,0,0
1475,58,R&D,16.0,7500.0,No,1.0,3,0
1476,26,R&D,17.0,3160.0,Yes,2.0,2,1
1477,54,R&D,3.0,7199.0,No,2.0,0,0
1478,31,R&D,11.0,2865.0,No,3.0,2,0
1479,38,Sales,28.0,5277.0,No,1.0,1,1
1480,49,R&D,2.0,6065.0,No,3.0,1,0
1481,43,Sales,13.0,5935.0,No,1.0,0,0
1482,42,Sales,9.0,6221.0,Yes,4.0,0,0
1483,53,R&D,2.0,7230.0,No,4.0,0,0
1484,53,R&D,25.0,7534.0,Yes,4.0,3,0
1485,57,R&D,20.0,7240.0,Yes,2.0,0,1
1486,52,Sales,10.0,7526.0,No,3.0,3,0
1487,27,HR,28.0,3969.0,Yes,2.0,2,1
1488,42,R&D,13.0,6116.0,Yes,1.0,0,1
1489,56,HR,2.0,7354.0,Yes,2.0,3,0
1490,35,Sales,16.0,4079.0,No,1.0,3,1
1491,44,Sales,22.0,5782.0,No,4.0,1,0
1492,45,R&D,10.0,5712.0,No,2.0,0,0
1493,51,R&D,20.0,6174.0,No,3.0,3,0
1494,31,R&D,17.0,3098.0,No,3.0,2,0
1495,26,Sales,14.0,2627.0,No,2.0,3,1
1496,51,R&D,28.0,6671.0,No,3.0,3,0
1497,28,R&D,25.0,3225.0,Yes,2.0,2,1
1498,27,R&D,12.0,3366.0,No,4.0,1,0
1499,29,R&D,21.0,3658.0,Yes,1.0,2,1
1500,47,R&D,11.0,6514.0,No,3.0,0,0
1501,39,R&D,20.0,4918.0,No,3.0,2,0
1502,57,R&D,7.0,7084.0,No,2.0,2,0
1503,47,Sales,22.0,5182.0,No,3.0,0,0
1504,57,Sales,2.0,7678.0,No,3.0,1,0
1505,25,HR,20.0,3026.0,No,1.0,3,1
1506,34,R&D,19.0,11983.0,Yes,1.0,1,0
1507,45,R&D,11.0,5550.0,No,2.0,2,0
1508,52,Sales,5.0,7484.0,Yes,3.0,1,0
1509,43,R&D,25.0,5253.0,Yes,3.0,1,0
1510,39,Sales,12.0,4777.0,No,3.0,2,0
1511,55,Sales,23.0,6382.0,No,3.0,3,0
1512,44,Sales,16.0,6429.0,Yes,3.0,2,0
1513,58,Sales,17.0,8462.0,No,3.0,2,0
1514,22,R&D,29.0,2737.0,No,3.0,0,1
1515,41,Sales,22.0,4905.0,Yes,2.0,1,1
1516,46,R&D,25.0,4365.0,Yes,1.0,3,1
1517,27,R&D,19.0,3418.0,No,2.0,2,0
1518,51,R&D,8.0,6030.0,No,3.0,2,0
1519,41,HR,12.0,5902.0,Yes,1.0,3,1
1520,30,R&D,6.0,3404.0,No,1.0,2,1
1521,39,Sales,28.0,4947.0,No,4.0,2,0
1522,24,Sales,28.0,3044.0,No,3.0,3,0
1523,57,HR,15.0,6997.0,No,3.0,2,0
1524,27,R&D,28.0,3182.0,No,2.0,3,0
1525,59,R&D,8.0,7867.0,Yes,4.0,1,0
1526,22,Sales,18.0,1709.0,Yes,3.0,3,1
1527,40,R&D,28.0,4518.0,Yes,1.0,3,1
1528,59,R&D,27.0,8313.0,Yes,3.0,3,0
1529,49,HR,2.0,7034.0,No,3.0,0,0
1530,30,R&D,12.0,3810.0,Yes,3.0,1,1
1531,31,Sales,16.0,3200.0,No,1.0,0,1
1532,45,R&D,1.0,5510.0,No,4.0,2,0
1533,47,R&D,13.0,5768.0,No,2.0,0,0
1534,29,R&D,17.0,3631.0,No,1.0,0,1
1535,26,Sales,2.0,2560.0,No,3.0,3,0
1536,34,R&D,4.0,4329.0,No,1.0,1,0
1537,43,R&D,9.0,5926.0,No,4.0,2,0
1538,55,R&D,11.0,7484.0,No,4.0,0,0
1539,46,R&D,16.0,5518.0,No,3.0,1,0
1540,44,R&D,3.0,5551.0,Yes,2.0,2,1
1541,42,R&D,27.0,5497.0,No,4.0,1,0
1542,24,R&D,11.0,3812.0,No,1.0,0,1
1543,29,Sales,19.0,3448.0,No,1.0,0,1
1544,43,Sales,17.0,5480.0,Yes,2.0,1,1
1545,32,R&D,15.0,4477.0,No,4.0,0,0
1546,44,Sales,19.0,6671.0,Yes,3.0,3,1
1547,37,Sales,11.0,13416.0,No,3.0,1,0
1548,49,Sales,19.0,5301.0,Yes,2.0,3,1
1549,56,R&D,24.0,7529.0,No,3.0,3,0
1550,50,Sales,18.0,6603.0,No,1.0,3,1
1551,59,R&D,12.0,7646.0,No,4.0,2,0
1552,27,Sales,1.0,2377.0,No,3.0,0,0
1553,35,R&D,10.0,4100.0,No,2.0,1,0
1554,50,Sales,1.0,7158.0,No,2.0,2,0
1555,49,Sales,17.0,6455.0,No,2.0,2,0
1556,31,HR,22.0,3323.0,No,3.0,1,0
1557,25,R&D,14.0,2207.0,Yes,4.0,3,0
1558,45,R&D,2.0,6167.0,No,2.0,1,0
1559,23,R&D,12.0,2269.0,Yes,2.0,1,1
1560,50,Sales,,7089.0,No,1.0,0,0
1561,46,Sales,28.0,5876.0,No,1.0,2,1
1562,52,R&D,5.0,6206.0,No,4.0,2,0
1563,36,R&D,15.0,4725.0,No,1.0,0,1
1564,59,Sales,16.0,16238.0,No,3.0,3,0
1565,54,Sales,5.0,6869.0,No,4.0,0,0
1566,29,R&D,8.0,11177.0,Yes,3.0,1,0
1567,37,R&D,11.0,5069.0,Yes,4.0,1,0
1568,59,Sales,12.0,8579.0,Yes,3.0,0,0
1569,55,R&D,27.0,7400.0,No,1.0,2,0
1570,27,Sales,1.0,2411.0,No,4.0,1,0
1571,44,Sales,11.0,6112.0,No,2.0,2,0
1572,42,Sales,12.0,5206.0,No,1.0,1,0
1573,56,Sales,17.0,7471.0,Yes,3.0,0,0
1574,50,HR,26.0,6192.0,No,2.0,1,0
1575,56,HR,13.0,7222.0,No,1.0,2,0
1576,23,Sales,1.0,2433.0,No,3.0,3,0
1577,54,Sales,15.0,6982.0,Yes,3.0,1,0
1578,47,R&D,2.0,5681.0,No,2.0,0,0
1579,53,R&D,22.0,6282.0,Yes,1.0,2,1
1580,39,R&D,27.0,4607.0,No,1.0,2,0
1581,55,Sales,18.0,6592.0,No,1.0,3,0
1582,51,Sales,8.0,5499.0,No,4.0,3,0
1583,44,R&D,19.0,4825.0,No,2.0,2,0
1584,41,Sales,19.0,6079.0,No,2.0,2,0
1585,44,HR,17.0,5281.0,Yes,2.0,0,1
1586,29,Sales,24.0,10026.0,No,2.0,1,0
1587,35,R&D,7.0,3919.0,Yes,1.0,3,0
1588,44,Sales,21.0,4654.0,Yes,4.0,3,0
1589,35,Sales,15.0,4888.0,No,,3,0
1590,23,Sales,28.0,2860.0,No,1.0,3,1
1591,25,HR,23.0,2304.0,No,3.0,0,0
1592,45,HR,11.0,5070.0,Yes,2.0,1,0
1593,57,R&D,3.0,8021.0,Yes,3.0,1,0
1594,30,Sales,19.0,3697.0,No,4.0,0,0
1595,37,Sales,14.0,3292.0,No,1.0,3,1
1596,53,HR,19.0,6793.0,No,3.0,1,0
1597,53,R&D,27.0,6538.0,Yes,2.0,0,1
1598,48,R&D,17.0,6701.0,No,1.0,3,1
1599,36,R&D,11.0,4994.0,No,2.0,0,0
1600,25,R&D,12.0,2706.0,Yes,4.0,3,1
1601,57,Sales,26.0,7986.0,No,3.0,3,0
1602,46,Sales,15.0,5853.0,No,1.0,1,0
1603,36,Sales,11.0,3752.0,Yes,2.0,1,1
1604,33,Sales,20.0,4770.0,No,4.0,2,0
1605,28,Sales,13.0,3378.0,No,2.0,1,0
1606,57,R&D,16.0,8361.0,Yes,3.0,0,0
1607,45,R&D,12.0,5201.0,No,1.0,1,0
1608,27,Sales,5.0,3117.0,No,1.0,3,1
1609,52,HR,18.0,6338.0,Yes,3.0,2,1
1610,42,R&D,22.0,12535.0,Yes,4.0,3,0
1611,32,Sales,3.0,4867.0,No,4.0,2,0
1612,37,HR,16.0,4577.0,No,4.0,3,0
1613,35,Sales,1.0,5338.0,No,2.0,1,0
1614,46,Sales,,5642.0,Yes,4.0,0,0
1615,35,R&D,22.0,4628.0,No,3.0,1,0
1616,59,Sales,26.0,16410.0,No,2.0,0,0
1617,39,Sales,22.0,5024.0,Yes,4.0,3,0
1618,35,Sales,26.0,4617.0,No,4.0,1,0
1619,45,R&D,20.0,6157.0,No,1.0,2,0
1620,29,Sales,9.0,4066.0,No,3.0,1,0
1621,46,R&D,10.0,6454.0,No,4.0,3,0
1622,55,Sales,26.0,7357.0,No,3.0,0,0
1623,49,HR,5.0,6669.0,No,1.0,0,0
1624,45,Sales,15.0,6287.0,No,4.0,1,0
1625,39,Sales,29.0,3676.0,Yes,2.0,1,1
1626,55,Sales,26.0,6533.0,Yes,4.0,3,0
1627,24,Sales,20.0,3199.0,No,3.0,1,0
1628,33,R&D,23.0,3480.0,No,2.0,0,0
1629,57,R&D,19.0,7838.0,No,2.0,0,0
1630,26,R&D,5.0,3094.0,No,4.0,0,0
1631,40,R&D,8.0,4770.0,No,3.0,2,0
1632,33,R&D,9.0,3808.0,Yes,1.0,3,1
1633,48,R&D,15.0,6684.0,Yes,4.0,2,0
1634,38,R&D,21.0,3709.0,Yes,4.0,1,1
1635,49,Sales,23.0,6057.0,Yes,2.0,0,1
1636,43,R&D,,4963.0,No,2.0,3,0
1637,31,Sales,23.0,4575.0,No,4.0,3,0
1638,27,Sales,2.0,2481.0,Yes,3.0,1,1
1639,38,R&D,10.0,4948.0,No,4.0,0,0
1640,33,R&D,6.0,4013.0,No,1.0,1,1
1641,27,R&D,5.0,3292.0,No,2.0,0,0
1642,43,R&D,25.0,5372.0,No,3.0,1,0
1643,37,Sales,14.0,4272.0,No,3.0,2,0
1644,25,Sales,7.0,2591.0,No,2.0,3,1
1645,46,R&D,18.0,5614.0,No,2.0,2,1
1646,54,R&D,7.0,6927.0,No,2.0,3,0
1647,22,Sales,20.0,2616.0,No,4.0,2,0
1648,36,R&D,3.0,5502.0,Yes,2.0,3,1
1649,38,R&D,19.0,4745.0,No,2.0,1,0
1650,40,R&D,17.0,4439.0,Yes,2.0,3,1
1651,40,R&D,23.0,4098.0,Yes,1.0,3,1
1652,41,R&D,9.0,4097.0,Yes,2.0,3,0
1653,22,Sales,23.0,2675.0,No,1.0,0,1
1654,44,Sales,17.0,5821.0,Yes,3.0,2,1
1655,37,R&D,14.0,4896.0,No,4.0,2,0
1656,45,HR,16.0,5767.0,No,1.0,3,0
1657,41,Sales,4.0,5945.0,Yes,4.0,3,1
1658,36,R&D,19.0,4002.0,No,4.0,2,0
1659,45,R&D,29.0,5753.0,No,1.0,2,0
1660,58,R&D,19.0,7748.0,No,2.0,2,0
1661,54,R&D,7.0,7108.0,Yes,3.0,1,0
1662,53,HR,19.0,6881.0,No,1.0,2,0
1663,52,Sales,25.0,6587.0,No,4.0,2,0
1664,36,R&D,27.0,3417.0,No,2.0,1,0
1665,22,Sales,15.0,1592.0,No,3.0,0,1
1666,33,HR,17.0,4022.0,No,1.0,0,1
1667,56,R&D,13.0,6664.0,No,2.0,3,0
1668,58,Sales,16.0,7974.0,No,3.0,2,0
1669,51,R&D,14.0,6504.0,No,4.0,3,0
1670,47,R&D,25.0,5537.0,Yes,4.0,0,0
1671,32,Sales,5.0,4556.0,No,3.0,0,0
1672,53,R&D,14.0,7466.0,Yes,1.0,2,1
1673,23,R&D,4.0,2655.0,No,2.0,3,0
1674,31,Sales,18.0,2459.0,No,4.0,3,0
1675,43,Sales,17.0,6774.0,No,1.0,2,0
1676,30,Sales,6.0,2658.0,No,1.0,1,1
1677,51,R&D,21.0,6844.0,Yes,3.0,2,0
1678,46,Sales,5.0,5542.0,No,2.0,1,0
1679,42,Sales,8.0,5098.0,No,2.0,0,0
1680,39,R&D,5.0,5763.0,Yes,3.0,2,0
1681,41,Sales,21.0,5891.0,No,1.0,0,0
1682,37,Sales,12.0,5690.0,No,4.0,2,0
1683,56,R&D,27.0,6635.0,Yes,1.0,2,1
1684,50,Sales,1.0,6398.0,No,3.0,3,0
1685,51,R&D,16.0,6545.0,No,2.0,3,0
1686,24,R&D,27.0,2103.0,No,3.0,2,0
1687,53,R&D,10.0,6737.0,No,4.0,2,0
1688,35,R&D,24.0,4646.0,Yes,4.0,2,1
1689,47,Sales,15.0,5367.0,No,1.0,3,0
1690,26,Sales,8.0,3388.0,No,4.0,0,0
1691,49,Sales,7.0,5900.0,No,2.0,0,0
1692,29,R&D,27.0,2871.0,Yes,4.0,2,1
1693,54,Sales,23.0,6551.0,No,4.0,3,0
1694,57,R&D,23.0,7556.0,Yes,3.0,2,0
1695,34,HR,9.0,4468.0,No,3.0,0,0
1696,41,R&D,21.0,4384.0,No,2.0,1,0
1697,39,R&D,24.0,4691.0,No,3.0,2,0
1698,41,Sales,18.0,4612.0,No,4.0,2,0
1699,54,R&D,18.0,7115.0,No,3.0,1,0
1700,42,R&D,,5641.0,Yes,2.0,2,0
1701,45,R&D,24.0,5651.0,No,3.0,3,0
1702,49,R&D,6.0,6196.0,No,3.0,2,0
1703,26,Sales,20.0,2425.0,No,3.0,3,0
1704,51,Sales,11.0,7087.0,No,3.0,1,0
1705,45,Sales,7.0,5598.0,Yes,2.0,3,1
1706,35,Sales,8.0,3120.0,No,3.0,0,0
1707,57,R&D,10.0,7625.0,No,2.0,3,0
1708,57,Sales,6.0,7588.0,No,2.0,1,0
1709,47,R&D,6.0,6126.0,No,2.0,1,0
1710,34,R&D,7.0,4201.0,Yes,3.0,2,0
1711,42,Sales,11.0,5573.0,No,,1,0
1712,47,R&D,16.0,5869.0,No,4.0,1,0
1713,55,R&D,21.0,7231.0,Yes,4.0,3,0
1714,35,Sales,26.0,4192.0,Yes,3.0,0,1
1715,42,R&D,20.0,5130.0,No,1.0,1,0
1716,40,Sales,24.0,5446.0,No,3.0,0,0
1717,33,Sales,8.0,12542.0,Yes,4.0,3,0
1718,57,R&D,29.0,8274.0,Yes,1.0,3,1
1719,51,Sales,9.0,14191.0,No,4.0,3,0
1720,54,HR,28.0,7223.0,Yes,4.0,1,0
1721,44,Sales,23.0,5011.0,No,3.0,2,0
1722,34,R&D,13.0,3968.0,No,4.0,1,0
1723,49,R&D,5.0,5923.0,No,2.0,1,0
1724,49,R&D,14.0,6333.0,No,3.0,1,0
1725,40,R&D,21.0,4183.0,Yes,4.0,1,0
1726,58,R&D,13.0,8109.0,No,2.0,2,0
1727,52,R&D,18.0,6980.0,Yes,3.0,3,0
1728,38,Sales,24.0,4737.0,No,1.0,1,0
1729,49,R&D,2.0,6306.0,No,2.0,3,0
1730,25,R&D,3.0,3560.0,No,1.0,1,0
1731,27,R&D,16.0,3481.0,No,3.0,3,0
1732,40,R&D,29.0,3836.0,No,3.0,2,0
1733,44,Sales,10.0,5806.0,No,2.0,0,0
1734,27,Sales,13.0,11819.0,Yes,2.0,0,0
1735,45,R&D,16.0,5878.0,No,4.0,3,0
1736,43,Sales,15.0,5753.0,No,1.0,0,0
1737,42,R&D,21.0,5066.0,No,2.0,2,0
1738,35,R&D,1.0,5534.0,No,3.0,2,0
1739,45,Sales,7.0,6161.0,No,2.0,3,0
1740,46,Sales,11.0,5716.0,Yes,2.0,3,1
1741,38,Sales,21.0,5231.0,No,1.0,1,0
1742,56,Sales,15.0,6898.0,No,1.0,1,0
1743,38,R&D,11.0,4366.0,Yes,4.0,3,0
1744,49,R&D,3.0,5946.0,No,2.0,1,0
1745,23,HR,11.0,1911.0,Yes,2.0,2,1
1746,55,Sales,3.0,6429.0,No,1.0,1,0
1747,22,Sales,26.0,11456.0,No,2.0,1,0
1748,24,Sales,15.0,2287.0,No,1.0,3,1
1749,43,Sales,3.0,6146.0,No,3.0,3,0
1750,25,R&D,1.0,3405.0,Yes,4.0,0,0
1751,36,Sales,23.0,4423.0,No,3.0,3,0
1752,57,R&D,26.0,7939.0,Yes,3.0,2,0
1753,33,Sales,24.0,3895.0,Yes,4.0,1,1
1754,58,R&D,21.0,8371.0,No,1.0,0,1
1755,28,Sales,11.0,3765.0,Yes,2.0,0,1
1756,52,Sales,8.0,6990.0,No,3.0,1,0
1757,26,R&D,9.0,3059.0,Yes,4.0,1,0
1758,48,Sales,9.0,6565.0,No,2.0,0,0
1759,46,Sales,7.0,6266.0,Yes,2.0,3,1
1760,38,Sales,17.0,4487.0,Yes,2.0,2,1
1761,49,Sales,21.0,6134.0,Yes,3.0,2,0
1762,48,Sales,19.0,7031.0,No,1.0,0,0
1763,47,R&D,29.0,5297.0,No,2.0,2,1
1764,50,HR,15.0,6128.0,Yes,1.0,0,1
1765,48,Sales,3.0,6056.0,Yes,1.0,0,1
1766,38,Sales,12.0,4701.0,No,3.0,2,0
1767,59,Sales,16.0,8018.0,Yes,4.0,2,0
1768,37,Sales,4.0,12469.0,No,2.0,0,0
1769,30,R&D,8.0,4509.0,No,2.0,2,0
1770,53,Sales,5.0,6950.0,No,2.0,0,0
1771,22,R&D,5.0,2846.0,Yes,3.0,1,1
1772,30,Sales,27.0,2940.0,No,2.0,3,1
1773,28,R&D,7.0,3764.0,No,3.0,2,0
1774,58,R&D,24.0,7551.0,No,4.0,0,0
1775,27,R&D,10.0,3218.0,Yes,4.0,3,0
1776,58,R&D,19.0,8064.0,No,3.0,0,0
1777,25,Sales,13.0,2675.0,No,3.0,0,0
1778,58,R&D,19.0,8021.0,No,3.0,1,0
1779,31,Sales,19.0,3386.0,No,1.0,2,0
1780,31,R&D,6.0,4044.0,Yes,4.0,1,0
1781,56,R&D,22.0,7213.0,No,1.0,1,0
1782,29,HR,28.0,4019.0,No,4.0,0,0
1783,44,Sales,27.0,6060.0,No,1.0,2,1
1784,28,HR,2.0,3635.0,No,3.0,2,0
1785,23,R&D,26.0,2813.0,No,2.0,1,1
1786,59,Sales,19.0,7518.0,No,3.0,1,0
1787,41,Sales,17.0,4954.0,No,3.0,1,0
1788,52,R&D,26.0,5841.0,No,2.0,0,0
1789,51,Sales,18.0,6650.0,No,1.0,0,0
1790,46,R&D,10.0,6038.0,No,4.0,3,0
1791,31,R&D,11.0,3558.0,No,1.0,2,0
1792,38,Sales,4.0,4578.0,No,3.0,1,0
1793,30,R&D,26.0,4341.0,Yes,4.0,2,0
1794,53,R&D,13.0,6090.0,No,,1,0
1795,45,Sales,14.0,5075.0,No,4.0,1,0
1796,37,R&D,11.0,4825.0,No,4.0,2,0
1797,33,Sales,29.0,3051.0,No,1.0,3,1
1798,56,R&D,18.0,7659.0,No,1.0,0,0
1799,38,Sales,22.0,4387.0,Yes,3.0,0,1
1800,50,R&D,23.0,6371.0,Yes,3.0,2,1
1801,57,R&D,5.0,7304.0,Yes,3.0,3,0
1802,56,R&D,23.0,7296.0,Yes,2.0,3,1
1803,25,R&D,7.0,4191.0,No,4.0,2,0
1804,28,R&D,2.0,3225.0,No,3.0,1,0
1805,40,R&D,25.0,4804.0,No,4.0,1,0
1806,49,Sales,7.0,6225.0,Yes,3.0,3,0
1807,43,R&D,,13594.0,No,4.0,1,0
1808,42,Sales,11.0,6052.0,No,1.0,0,0
1809,26,R&D,21.0,2839.0,No,3.0,3,0
1810,53,Sales,19.0,7228.0,No,3.0,3,0
1811,22,R&D,17.0,9518.0,Yes,4.0,1,0
1812,41,R&D,29.0,5448.0,Yes,1.0,2,1
1813,49,R&D,19.0,14799.0,Yes,1.0,3,1
1814,58,R&D,27.0,8484.0,No,4.0,3,0
1815,33,HR,24.0,3680.0,No,1.0,0,1
1816,39,Sales,23.0,4627.0,No,1.0,2,1
1817,26,Sales,3.0,2617.0,No,3.0,0,0
1818,52,R&D,22.0,6712.0,No,3.0,2,0
1819,23,R&D,20.0,3437.0,Yes,2.0,1,1
1820,30,R&D,9.0,3310.0,Yes,3.0,2,1
1821,23,R&D,15.0,3135.0,Yes,2.0,1,1
1822,39,Sales,8.0,12281.0,No,3.0,1,0
1823,56,Sales,22.0,7837.0,No,4.0,2,0
1824,46,Sales,10.0,5658.0,No,3.0,2,0
1825,37,R&D,11.0,4826.0,No,1.0,1,0
1826,41,Sales,16.0,5781.0,No,4.0,3,0
1827,25,R&D,18.0,3150.0,No,3.0,3,0
1828,53,R&D,5.0,6403.0,No,4.0,3,0
1829,41,HR,10.0,4349.0,No,4.0,1,0
1830,36,Sales,3.0,4579.0,No,2.0,0,0
1831,39,HR,21.0,4753.0,Yes,1.0,3,1
1832,28,Sales,11.0,10416.0,No,1.0,2,0
1833,24,R&D,8.0,1986.0,No,4.0,0,0
1834,29,R&D,29.0,2733.0,No,1.0,0,1
1835,50,R&D,20.0,6396.0,No,1.0,3,0
1836,29,R&D,3.0,3794.0,Yes,3.0,0,0
1837,22,R&D,23.0,2173.0,No,4.0,2,1
1838,42,Sales,18.0,4835.0,No,4.0,0,0
1839,23,HR,13.0,1999.0,No,3.0,2,0
1840,55,R&D,18.0,7845.0,No,4.0,3,0
1841,42,R&D,7.0,5158.0,Yes,2.0,2,1
1842,54,Sales,27.0,7171.0,No,4.0,2,0
1843,28,R&D,23.0,2997.0,No,3.0,1,0
1844,36,Sales,22.0,4442.0,Yes,2.0,2,1
1845,30,R&D,18.0,3172.0,No,4.0,2,0
1846,51,Sales,11.0,6972.0,No,3.0,3,0
1847,38,R&D,9.0,5096.0,No,1.0,2,1
1848,59,R&D,25.0,7601.0,No,2.0,2,1
1849,42,R&D,4.0,5735.0,No,3.0,0,0
1850,24,R&D,15.0,3280.0,No,2.0,2,1
1851,58,R&D,9.0,7821.0,No,4.0,1,0
1852,38,HR,9.0,4656.0,Yes,2.0,0,1
1853,38,Sales,14.0,4965.0,No,1.0,3,0
1854,32,Sales,14.0,4758.0,No,1.0,0,0
1855,31,R&D,14.0,4201.0,No,2.0,3,0
1856,22,R&D,11.0,2924.0,No,2.0,3,0
1857,31,Sales,7.0,3523.0,No,2.0,2,1
1858,46,R&D,27.0,6136.0,No,2.0,3,0
1859,37,Sales,,4322.0,No,4.0,1,0
1860,59,Sales,19.0,8612.0,No,4.0,0,0
1861,53,R&D,27.0,7314.0,No,2.0,3,0
1862,46,R&D,14.0,5697.0,No,4.0,2,0
1863,34,R&D,2.0,4608.0,No,3.0,2,0
1864,37,R&D,8.0,4341.0,No,2.0,2,0
1865,41,Sales,6.0,4991.0,Yes,1.0,3,1
1866,49,R&D,18.0,15015.0,No,2.0,2,0
1867,29,Sales,7.0,2347.0,No,3.0,1,0
1868,52,R&D,13.0,7145.0,No,4.0,3,0
1869,49,R&D,20.0,6427.0,No,3.0,3,0
1870,50,R&D,27.0,7029.0,Yes,2.0,2,1
1871,55,HR,21.0,7581.0,No,3.0,0,0
1872,58,R&D,12.0,7327.0,No,4.0,0,0
1873,41,HR,11.0,4618.0,No,1.0,3,0
1874,26,R&D,19.0,3685.0,No,4.0,3,0
1875,48,HR,2.0,6643.0,Yes,1.0,1,1
1876,58,R&D,1.0,7840.0,No,1.0,0,0
1877,58,Sales,7.0,7335.0,No,1.0,1,0
1878,52,R&D,13.0,6167.0,No,3.0,2,0
1879,54,Sales,23.0,7515.0,No,2.0,2,0
1880,53,Sales,,7138.0,No,2.0,3,0
1881,38,Sales,21.0,5175.0,Yes,4.0,3,0
1882,44,R&D,22.0,4839.0,Yes,3.0,0,0
1883,58,R&D,25.0,7498.0,Yes,4.0,0,0
1884,38,HR,24.0,4455.0,Yes,3.0,2,1
1885,39,R&D,26.0,4745.0,No,3.0,2,0
1886,35,Sales,18.0,4678.0,No,,0,0
1887,37,R&D,24.0,3487.0,No,3.0,1,0
1888,45,Sales,20.0,4930.0,No,1.0,1,0
1889,24,R&D,6.0,3162.0,No,2.0,3,0
1890,34,Sales,1.0,4540.0,No,3.0,2,0
1891,42,Sales,15.0,5749.0,No,4.0,1,0
1892,40,Sales,13.0,5370.0,No,4.0,1,0
1893,37,R&D,19.0,6047.0,No,3.0,2,0
1894,49,Sales,10.0,6186.0,No,2.0,0,0
1895,26,HR,24.0,3678.0,No,2.0,0,1
1896,29,Sales,2.0,3327.0,No,3.0,3,0
1897,36,Sales,20.0,3830.0,No,4.0,2,0
1898,30,R&D,14.0,2870.0,No,1.0,1,1
1899,39,R&D,16.0,5198.0,No,4.0,0,0
1900,41,R&D,7.0,5629.0,No,4.0,2,0
1901,57,Sales,12.0,8146.0,No,2.0,1,0
1902,47,R&D,21.0,5390.0,Yes,4.0,0,0
1903,23,Sales,17.0,2138.0,No,4.0,0,0
1904,59,R&D,8.0,8027.0,Yes,2.0,0,0
1905,27,R&D,1.0,3156.0,No,3.0,1,0
1906,24,R&D,2.0,2638.0,No,4.0,1,0
1907,42,Sales,1.0,5037.0,No,3.0,2,0
1908,44,Sales,26.0,7110.0,No,1.0,2,0
1909,47,R&D,18.0,6354.0,No,1.0,2,0
1910,43,R&D,10.0,5582.0,Yes,4.0,0,0
1911,41,R&D,20.0,5649.0,Yes,1.0,2,1
1912,51,R&D,24.0,7082.0,No,1.0,2,0
1913,53,R&D,18.0,5783.0,Yes,1.0,2,1
1914,23,Sales,4.0,2078.0,No,1.0,2,0
1915,59,Sales,11.0,7324.0,Yes,3.0,3,0
1916,51,R&D,15.0,5742.0,No,4.0,1,0
1917,53,Sales,24.0,7256.0,Yes,1.0,3,0
1918,48,Sales,18.0,6384.0,Yes,3.0,1,0
1919,33,Sales,15.0,3833.0,Yes,1.0,0,1
1920,44,Sales,22.0,12629.0,No,3.0,3,0
1921,36,Sales,13.0,4618.0,No,3.0,0,0
1922,56,R&D,2.0,6909.0,No,3.0,3,0
1923,24,R&D,18.0,2177.0,No,1.0,1,1
1924,36,R&D,17.0,4241.0,Yes,3.0,0,0
1925,26,Sales,18.0,3006.0,Yes,2.0,3,1
1926,49,R&D,27.0,6400.0,No,4.0,1,0
1927,31,Sales,12.0,3553.0,No,3.0,3,0
1928,43,R&D,21.0,5285.0,No,2.0,1,0
1929,24,Sales,28.0,2464.0,Yes,3.0,3,1
1930,59,R&D,9.0,7582.0,Yes,3.0,2,0
1931,57,Sales,16.0,6959.0,Yes,1.0,1,1
1932,23,R&D,13.0,1882.0,No,4.0,2,0
1933,46,Sales,,6390.0,Yes,,1,1
1934,59,R&D,26.0,8414.0,Yes,,0,0
1935,51,Sales,6.0,6503.0,No,1.0,2,0
1936,27,R&D,22.0,2514.0,No,1.0,2,0
1937,36,Sales,29.0,4060.0,No,4.0,1,0
1938,42,Sales,1.0,5381.0,No,4.0,3,0
1939,41,Sales,22.0,5542.0,Yes,2.0,2,1
1940,34,R&D,17.0,4187.0,No,4.0,2,0
1941,32,R&D,28.0,3620.0,No,2.0,0,1
1942,25,R&D,11.0,3412.0,Yes,2.0,3,1
1943,55,Sales,27.0,8274.0,No,,3,0
1944,35,Sales,21.0,4670.0,Yes,2.0,2,1
1945,59,Sales,1.0,7066.0,No,4.0,0,0
1946,33,R&D,9.0,3783.0,Yes,1.0,3,1
1947,35,Sales,9.0,5080.0,No,2.0,2,0
1948,35,R&D,20.0,3908.0,No,1.0,2,1
1949,46,Sales,17.0,6015.0,No,2.0,1,0
1950,40,R&D,18.0,5093.0,No,3.0,3,0
1951,39,R&D,13.0,5087.0,No,2.0,3,0
1952,33,R&D,10.0,2935.0,No,2.0,2,0
1953,24,Sales,12.0,3067.0,Yes,1.0,1,1
1954,58,R&D,17.0,7969.0,Yes,4.0,2,0
1955,30,R&D,8.0,3051.0,No,4.0,0,0
1956,50,R&D,18.0,6462.0,No,2.0,2,0
1957,49,Sales,9.0,7256.0,Yes,1.0,3,1
1958,43,R&D,24.0,4457.0,No,4.0,1,0
1959,22,Sales,28.0,1530.0,No,3.0,2,0
1960,33,HR,21.0,3571.0,No,2.0,1,0
1961,25,Sales,1.0,3163.0,No,2.0,0,0
1962,45,HR,7.0,5240.0,No,4.0,2,0
1963,24,R&D,24.0,2591.0,No,2.0,2,0
1964,27,R&D,8.0,4066.0,No,3.0,2,0
1965,22,Sales,20.0,2877.0,No,3.0,2,0
1966,38,R&D,29.0,3979.0,No,4.0,1,0
1967,24,R&D,12.0,2858.0,Yes,,1,1
1968,24,R&D,8.0,1993.0,No,3.0,2,0
1969,30,R&D,14.0,2861.0,Yes,2.0,0,1
1970,39,R&D,25.0,5121.0,Yes,1.0,0,1
1971,54,R&D,23.0,6762.0,No,2.0,1,0
1972,47,R&D,27.0,6825.0,Yes,4.0,1,0
1973,43,R&D,12.0,4830.0,No,1.0,2,0
1974,22,Sales,17.0,2448.0,No,2.0,2,1
1975,40,R&D,22.0,4573.0,No,1.0,1,1
1976,27,Sales,15.0,2524.0,Yes,2.0,2,1
1977,47,Sales,12.0,6435.0,Yes,4.0,2,0
1978,42,HR,19.0,5613.0,Yes,3.0,0,1
1979,26,R&D,8.0,3191.0,Yes,2.0,3,1
1980,39,Sales,18.0,5528.0,No,1.0,3,1
1981,36,R&D,22.0,3405.0,No,3.0,2,0
1982,41,Sales,29.0,5025.0,No,4.0,0,0
1983,49,Sales,13.0,6535.0,No,4.0,0,0
1984,58,R&D,24.0,7333.0,No,1.0,1,0
1985,30,Sales,29.0,3453.0,No,3.0,1,0
1986,47,HR,7.0,5616.0,Yes,2.0,3,0
1987,41,R&D,11.0,5099.0,Yes,1.0,0,1
1988,28,R&D,22.0,2759.0,No,4.0,2,0
1989,30,Sales,6.0,11190.0,No,2.0,3,0
1990,54,R&D,5.0,6957.0,No,4.0,1,0
1991,43,Sales,9.0,5356.0,No,3.0,2,0
1992,22,R&D,16.0,1787.0,No,2.0,0,1
1993,29,Sales,17.0,3392.0,No,2.0,1,1
1994,55,R&D,15.0,7551.0,No,1.0,1,0
1995,46,R&D,15.0,6052.0,Yes,2.0,0,1
1996,54,R&D,14.0,7416.0,No,2.0,2,0
1997,30,R&D,11.0,4095.0,No,1.0,1,0
1998,38,Sales,6.0,5559.0,Yes,3.0,1,0
1999,32,Sales,15.0,3796.0,No,4.0,0,0
2000,40,R&D,14.0,5445.0,Yes,1.0,1,1
2001,43,Sales,2.0,5072.0,No,4.0,2,0
2002,30,R&D,13.0,2530.0,No,3.0,3,0
2003,31,HR,24.0,3526.0,No,3.0,0,0
2004,46,Sales,27.0,5532.0,No,2.0,0,0
2005,42,R&D,29.0,5651.0,No,1.0,3,1
2006,32,R&D,15.0,3926.0,Yes,4.0,2,0
2007,41,R&D,2.0,4370.0,No,3.0,2,0
2008,33,Sales,6.0,3741.0,No,1.0,3,0
2009,36,Sales,11.0,4303.0,No,3.0,0,0
2010,27,R&D,20.0,3409.0,No,3.0,1,0
2011,38,R&D,17.0,4217.0,No,2.0,2,0
2012,26,Sales,9.0,3925.0,No,4.0,1,0
2013,36,R&D,12.0,4302.0,No,4.0,1,0
2014,53,HR,14.0,7170.0,No,3.0,2,0
2015,24,R&D,25.0,2649.0,Yes,3.0,2,1
2016,24,HR,16.0,2989.0,No,2.0,2,0
2017,36,HR,22.0,4738.0,No,3.0,2,0
2018,53,Sales,16.0,7313.0,No,4.0,1,0
2019,29,R&D,27.0,2651.0,Yes,4.0,0,1
2020,27,R&D,16.0,3002.0,No,4.0,2,0
2021,26,R&D,6.0,3023.0,No,2.0,1,0
2022,37,R&D,3.0,4460.0,No,3.0,0,0
2023,38,R&D,21.0,4765.0,No,1.0,0,1
2024,26,Sales,29.0,2904.0,No,3.0,1,0
2025,45,R&D,25.0,5572.0,No,4.0,3,0
2026,48,Sales,1.0,6146.0,Yes,3.0,0,0
2027,46,R&D,17.0,5637.0,No,3.0,3,0
2028,42,Sales,3.0,4850.0,No,1.0,3,0
2029,29,R&D,23.0,3451.0,No,3.0,0,1
2030,55,R&D,14.0,6970.0,No,2.0,3,0
2031,36,R&D,23.0,4199.0,No,1.0,0,0
2032,56,R&D,10.0,7556.0,No,1.0,0,0
2033,47,R&D,20.0,6079.0,No,1.0,1,0
2034,57,R&D,11.0,7742.0,No,3.0,2,0
2035,55,R&D,22.0,7325.0,Yes,4.0,2,0
2036,56,R&D,6.0,7544.0,No,2.0,2,0
2037,36,R&D,2.0,4738.0,No,1.0,0,0
2038,24,Sales,10.0,2229.0,No,3.0,2,0
2039,30,Sales,17.0,3490.0,No,4.0,0,0
2040,57,HR,29.0,7522.0,Yes,3.0,3,0
2041,47,R&D,23.0,6656.0,Yes,1.0,0,1
2042,31,Sales,2.0,4068.0,No,2.0,0,0
2043,51,Sales,29.0,5935.0,No,1.0,2,1
2044,57,Sales,1.0,8442.0,No,3.0,1,0
2045,38,R&D,8.0,4540.0,No,1.0,3,0
2046,46,Sales,25.0,6049.0,No,1.0,1,1
2047,32,Sales,14.0,2932.0,No,1.0,1,1
2048,52,Sales,27.0,7307.0,No,1.0,0,1
2049,33,R&D,29.0,3528.0,No,4.0,2,0
2050,46,R&D,5.0,4822.0,Yes,4.0,0,0
2051,47,Sales,5.0,5600.0,No,3.0,0,0
2052,34,R&D,25.0,4374.0,No,1.0,1,1
2053,51,R&D,8.0,6938.0,No,2.0,0,0
2054,24,HR,12.0,1966.0,No,3.0,0,0
2055,52,R&D,17.0,7119.0,No,1.0,0,0
2056,42,R&D,2.0,5810.0,No,1.0,0,0
2057,56,Sales,22.0,7033.0,No,2.0,1,0
2058,50,R&D,11.0,14307.0,No,4.0,1,0
2059,34,HR,6.0,3360.0,No,2.0,2,0
2060,51,R&D,17.0,7369.0,No,4.0,1,0
2061,27,R&D,23.0,2037.0,No,1.0,0,1
2062,32,R&D,9.0,3403.0,No,1.0,1,1
2063,32,R&D,1.0,11214.0,No,3.0,1,0
2064,25,Sales,23.0,3168.0,No,2.0,2,1
2065,43,Sales,26.0,4680.0,No,2.0,0,0
2066,55,R&D,22.0,6923.0,Yes,3.0,2,0
2067,51,R&D,3.0,7580.0,Yes,1.0,0,1
2068,26,R&D,27.0,3416.0,Yes,4.0,3,1
2069,52,Sales,,7490.0,No,4.0,0,0
2070,49,R&D,3.0,6877.0,No,3.0,0,0
2071,52,Sales,28.0,6402.0,Yes,1.0,1,1
2072,44,R&D,6.0,5833.0,No,1.0,3,0
2073,24,R&D,14.0,983.0,No,3.0,2,0
2074,56,Sales,25.0,7475.0,No,4.0,1,0
2075,42,R&D,17.0,5415.0,Yes,3.0,3,1
2076,42,Sales,23.0,4622.0,No,1.0,3,0
2077,31,Sales,2.0,3759.0,No,1.0,2,1
2078,33,Sales,19.0,3665.0,No,4.0,2,0
2079,48,R&D,7.0,5701.0,No,1.0,3,0
2080,58,R&D,23.0,7427.0,No,2.0,2,0
2081,33,R&D,21.0,4245.0,Yes,1.0,0,1
2082,44,Sales,28.0,5556.0,Yes,1.0,0,1
2083,43,Sales,1.0,5012.0,No,2.0,1,0
2084,44,HR,28.0,5299.0,Yes,2.0,3,1
2085,44,Sales,20.0,5318.0,No,3.0,0,0
2086,36,R&D,5.0,4552.0,No,3.0,3,0
2087,47,R&D,2.0,6146.0,No,2.0,1,0
2088,49,R&D,3.0,6530.0,No,4.0,0,0
2089,34,HR,24.0,3809.0,Yes,3.0,3,0
2090,56,R&D,22.0,8230.0,No,1.0,3,0
2091,58,HR,17.0,7060.0,No,1.0,2,0
2092,59,R&D,4.0,8686.0,No,4.0,0,0
2093,25,R&D,5.0,2449.0,No,3.0,3,0
2094,35,HR,17.0,6044.0,No,,2,0
2095,58,R&D,24.0,8061.0,Yes,1.0,2,1
2096,29,Sales,10.0,4058.0,No,2.0,2,0
2097,55,Sales,19.0,15272.0,Yes,2.0,2,0
2098,23,R&D,14.0,1702.0,Yes,4.0,0,0
2099,29,R&D,17.0,3401.0,Yes,4.0,0,0
2100,46,Sales,19.0,6033.0,Yes,1.0,2,1
2101,48,HR,25.0,5343.0,No,1.0,0,1
2102,32,HR,11.0,3605.0,No,3.0,3,0
2103,38,Sales,25.0,4082.0,Yes,2.0,3,0
2104,51,HR,13.0,5484.0,No,1.0,3,0
2105,59,R&D,9.0,7727.0,No,2.0,3,0
2106,31,Sales,5.0,3108.0,No,3.0,3,0
2107,55,R&D,10.0,7012.0,No,4.0,0,0
2108,36,Sales,17.0,4421.0,No,3.0,1,0
2109,43,Sales,3.0,5485.0,No,,2,0
2110,46,R&D,12.0,5625.0,No,3.0,2,0
2111,35,R&D,10.0,4220.0,Yes,3.0,3,0
2112,46,Sales,14.0,5608.0,No,3.0,1,0
2113,38,R&D,22.0,4739.0,Yes,3.0,0,1
2114,23,HR,12.0,2659.0,No,2.0,0,0
2115,50,HR,20.0,6209.0,No,2.0,0,0
2116,42,R&D,6.0,6139.0,No,3.0,1,0
2117,23,R&D,22.0,3012.0,No,1.0,2,1
2118,53,R&D,10.0,7075.0,No,3.0,3,0
2119,29,R&D,,3354.0,No,2.0,2,0
2120,57,Sales,8.0,7069.0,Yes,3.0,0,0
2121,48,Sales,23.0,5980.0,Yes,1.0,0,1
2122,48,Sales,7.0,6643.0,No,4.0,1,0
2123,44,R&D,,5500.0,Yes,3.0,1,0
2124,33,R&D,1.0,3717.0,No,3.0,2,0
2125,27,R&D,16.0,2658.0,No,4.0,0,0
2126,45,R&D,28.0,6229.0,No,4.0,0,0
2127,58,Sales,10.0,8108.0,Yes,1.0,3,1
2128,46,HR,8.0,6050.0,Yes,3.0,0,1
2129,41,R&D,1.0,5024.0,Yes,,1,1
2130,58,R&D,3.0,7332.0,No,2.0,3,0
2131,27,R&D,14.0,3034.0,Yes,2.0,2,1
2132,42,Sales,29.0,5454.0,No,3.0,0,0
2133,52,R&D,2.0,7563.0,Yes,2.0,1,1
2134,54,Sales,,6988.0,Yes,2.0,2,0
2135,38,Sales,12.0,4112.0,No,2.0,2,1
2136,54,R&D,16.0,7212.0,No,4.0,1,0
2137,23,Sales,14.0,2433.0,No,2.0,0,0
2138,54,R&D,25.0,7880.0,No,3.0,1,0
2139,23,Sales,11.0,1827.0,No,2.0,3,1
2140,35,R&D,22.0,4611.0,Yes,1.0,1,1
2141,24,Sales,26.0,2944.0,Yes,2.0,3,1
2142,47,R&D,8.0,6007.0,No,3.0,1,0
2143,45,Sales,14.0,5650.0,No,2.0,2,0
2144,33,R&D,8.0,4192.0,No,3.0,3,0
2145,30,R&D,7.0,3687.0,No,2.0,1,1
2146,25,R&D,29.0,3684.0,Yes,4.0,3,0
2147,26,R&D,7.0,3640.0,Yes,2.0,1,1
2148,26,Sales,8.0,3782.0,No,3.0,3,0
2149,33,R&D,2.0,4532.0,No,2.0,1,1
2150,32,Sales,29.0,3602.0,No,4.0,0,0
2151,49,R&D,25.0,6010.0,Yes,2.0,3,1
2152,48,R&D,19.0,6952.0,No,1.0,1,0
2153,43,R&D,5.0,5280.0,No,2.0,1,0
2154,24,R&D,16.0,1682.0,No,3.0,1,0
2155,42,Sales,16.0,4901.0,No,4.0,3,0
2156,32,R&D,4.0,12471.0,No,4.0,0,0
2157,49,HR,26.0,6764.0,No,4.0,3,0
2158,50,R&D,1.0,6588.0,Yes,3.0,0,0
2159,38,Sales,25.0,4837.0,Yes,1.0,1,1
2160,31,R&D,21.0,3327.0,No,1.0,1,1
2161,36,Sales,28.0,4608.0,No,4.0,0,0
2162,50,R&D,25.0,5822.0,No,2.0,1,0
2163,25,R&D,1.0,3257.0,No,2.0,0,0
2164,45,HR,,6532.0,Yes,2.0,3,0
2165,45,R&D,22.0,5852.0,No,1.0,0,1
2166,35,R&D,24.0,4334.0,No,2.0,1,0
2167,47,Sales,5.0,6106.0,No,1.0,1,0
2168,32,R&D,29.0,3139.0,Yes,3.0,3,1
2169,24,R&D,21.0,2554.0,No,4.0,1,0
2170,32,R&D,16.0,4164.0,No,4.0,1,0
2171,27,R&D,15.0,2992.0,No,1.0,0,0
2172,54,R&D,15.0,7302.0,Yes,2.0,1,0
2173,38,Sales,26.0,4752.0,No,2.0,0,0
2174,39,Sales,11.0,4930.0,No,4.0,2,0
2175,25,Sales,13.0,3042.0,No,1.0,1,1
2176,57,R&D,29.0,7174.0,No,2.0,2,0
2177,36,Sales,21.0,5317.0,No,3.0,2,0
2178,47,R&D,10.0,5625.0,Yes,1.0,0,1
2179,54,Sales,18.0,7776.0,No,3.0,0,0
2180,49,HR,20.0,7075.0,No,1.0,2,1
2181,51,HR,17.0,6873.0,No,1.0,2,0
2182,49,R&D,3.0,5642.0,Yes,1.0,3,1
2183,55,R&D,20.0,7440.0,No,1.0,3,0
2184,31,Sales,1.0,3170.0,No,1.0,1,1
2185,36,Sales,28.0,4712.0,No,4.0,1,0
2186,51,Sales,6.0,7807.0,No,3.0,3,0
2187,49,R&D,2.0,6959.0,No,2.0,3,0
2188,47,R&D,21.0,5922.0,No,4.0,1,0
2189,47,R&D,,6310.0,No,1.0,3,0
2190,22,Sales,20.0,2970.0,No,2.0,0,0
2191,43,R&D,19.0,5542.0,No,1.0,1,0
2192,44,R&D,3.0,6489.0,No,2.0,0,0
2193,46,Sales,15.0,5843.0,No,2.0,3,0
2194,29,R&D,16.0,3291.0,No,4.0,3,0
2195,55,R&D,25.0,7755.0,Yes,3.0,0,0
2196,36,Sales,3.0,3875.0,No,2.0,1,0
2197,23,Sales,16.0,2490.0,No,2.0,1,0
2198,33,R&D,16.0,3397.0,No,3.0,1,0
2199,39,R&D,26.0,4864.0,Yes,4.0,3,0
2200,28,Sales,11.0,3219.0,No,1.0,1,1
2201,48,R&D,12.0,5729.0,No,2.0,1,0
2202,23,R&D,15.0,2796.0,No,4.0,2,0
2203,56,Sales,19.0,7283.0,No,3.0,2,0
2204,34,HR,20.0,4168.0,No,3.0,2,0
2205,25,Sales,16.0,4092.0,No,2.0,2,0
2206,49,Sales,22.0,6102.0,No,4.0,2,0
2207,44,Sales,12.0,13785.0,No,4.0,3,0
2208,39,R&D,5.0,5700.0,No,4.0,2,0
2209,42,Sales,26.0,4195.0,Yes,3.0,0,0
2210,35,HR,17.0,4807.0,No,2.0,1,1
2211,34,Sales,24.0,4016.0,Yes,4.0,1,0
2212,41,Sales,8.0,5234.0,Yes,3.0,1,0
2213,34,R&D,16.0,3332.0,No,4.0,2,0
2214,29,Sales,6.0,3045.0,No,2.0,0,0
2215,25,R&D,4.0,2367.0,No,2.0,2,0
2216,27,R&D,5.0,2478.0,No,4.0,3,0
2217,45,Sales,27.0,5282.0,No,4.0,1,0
2218,45,R&D,3.0,6020.0,Yes,4.0,3,0
2219,41,R&D,17.0,4433.0,No,4.0,0,0
2220,34,R&D,18.0,3614.0,No,3.0,0,0
2221,55,Sales,10.0,7532.0,No,1.0,3,0
2222,29,R&D,6.0,4186.0,No,1.0,0,0
2223,55,Sales,12.0,7079.0,Yes,1.0,0,1
2224,26,HR,15.0,3557.0,No,4.0,1,0
2225,37,Sales,4.0,4334.0,Yes,2.0,0,1
2226,37,HR,18.0,4780.0,Yes,4.0,2,1
2227,35,R&D,18.0,3858.0,No,4.0,3,0
2228,48,HR,2.0,6303.0,No,1.0,2,0
2229,52,R&D,22.0,6488.0,No,2.0,1,0
2230,35,Sales,15.0,4371.0,Yes,3.0,0,0
2231,52,Sales,,7315.0,Yes,2.0,0,1
2232,35,R&D,14.0,4178.0,No,3.0,0,0
2233,45,R&D,1.0,6641.0,No,3.0,1,0
2234,56,R&D,14.0,7394.0,No,4.0,3,0
2235,36,R&D,19.0,4149.0,No,4.0,1,0
2236,41,Sales,17.0,6023.0,Yes,1.0,1,1
2237,49,R&D,26.0,5910.0,No,4.0,3,0
2238,59,Sales,2.0,7145.0,No,1.0,0,0
2239,48,R&D,16.0,6660.0,Yes,3.0,2,0
2240,22,R&D,4.0,1929.0,Yes,4.0,3,0
2241,33,R&D,24.0,3898.0,No,1.0,0,1
2242,48,Sales,9.0,6119.0,No,,0,0
2243,57,Sales,26.0,7384.0,No,3.0,1,0
2244,52,R&D,26.0,6617.0,No,,2,0
2245,45,R&D,17.0,5679.0,No,,2,0
2246,53,Sales,24.0,6378.0,No,3.0,1,0
2247,41,Sales,21.0,4791.0,No,2.0,2,0
2248,44,HR,19.0,5650.0,Yes,1.0,3,1
2249,24,Sales,4.0,2698.0,Yes,1.0,0,1
2250,37,R&D,25.0,5010.0,No,4.0,3,0
2251,23,R&D,24.0,2729.0,No,3.0,0,0
2252,58,R&D,11.0,8172.0,No,3.0,1,0
2253,42,Sales,18.0,5217.0,No,2.0,3,1
2254,24,R&D,16.0,2244.0,No,2.0,1,0
2255,33,R&D,,3835.0,No,3.0,0,0
2256,49,Sales,2.0,5975.0,Yes,4.0,3,0
2257,46,Sales,12.0,5852.0,No,4.0,3,0
2258,37,Sales,14.0,4667.0,No,4.0,2,0
2259,33,HR,13.0,4043.0,No,4.0,1,0
2260,42,R&D,19.0,4766.0,No,4.0,2,0
2261,43,R&D,6.0,5656.0,No,1.0,0,1
2262,40,R&D,19.0,4534.0,No,2.0,0,0
2263,33,R&D,6.0,4655.0,No,3.0,0,0
2264,33,Sales,13.0,4471.0,Yes,1.0,2,1
2265,44,R&D,10.0,5937.0,No,2.0,0,0
2266,56,R&D,28.0,7623.0,No,2.0,1,0
2267,30,R&D,8.0,2996.0,No,2.0,1,1
2268,42,R&D,17.0,5478.0,No,3.0,3,0
2269,38,Sales,23.0,4445.0,Yes,1.0,3,1
2270,23,Sales,4.0,2332.0,No,2.0,2,1
2271,58,R&D,22.0,7040.0,No,4.0,3,0
2272,32,R&D,26.0,3835.0,Yes,2.0,0,1
2273,42,HR,9.0,5355.0,Yes,3.0,3,0
2274,26,Sales,23.0,3124.0,No,2.0,0,0
2275,55,R&D,9.0,7281.0,No,4.0,0,0
2276,58,HR,25.0,7369.0,No,1.0,0,0
2277,53,R&D,25.0,15080.0,No,3.0,0,0
2278,31,R&D,9.0,12692.0,No,1.0,1,0
2279,34,Sales,19.0,4128.0,No,,2,0
2280,23,Sales,3.0,2248.0,Yes,1.0,0,1
2281,44,Sales,26.0,5748.0,No,1.0,3,0
2282,24,R&D,10.0,3323.0,Yes,3.0,1,1
2283,42,R&D,16.0,5088.0,Yes,3.0,2,1
2284,31,R&D,10.0,12066.0,Yes,1.0,3,1
2285,24,R&D,28.0,2069.0,No,2.0,2,0
2286,36,Sales,28.0,3917.0,No,3.0,1,0
2287,31,R&D,6.0,4673.0,Yes,4.0,2,0
2288,30,Sales,9.0,3522.0,Yes,1.0,3,1
2289,37,R&D,25.0,4535.0,No,2.0,0,0
2290,45,HR,11.0,5810.0,No,4.0,2,0
2291,41,R&D,1.0,5300.0,Yes,1.0,2,0
2292,51,R&D,24.0,6013.0,Yes,3.0,1,1
2293,34,Sales,3.0,3558.0,Yes,4.0,0,0
2294,22,R&D,,3035.0,No,3.0,1,0
2295,25,R&D,4.0,3723.0,No,1.0,2,0
2296,28,Sales,20.0,2911.0,No,3.0,2,0
2297,57,R&D,6.0,6729.0,No,3.0,2,0
2298,42,R&D,24.0,5018.0,No,2.0,0,0
2299,51,R&D,27.0,6288.0,No,1.0,3,1
2300,48,Sales,15.0,5858.0,No,1.0,3,1
2301,47,R&D,13.0,6220.0,No,4.0,3,0
2302,40,Sales,14.0,5934.0,No,2.0,2,0
2303,35,R&D,11.0,4668.0,No,2.0,2,0
2304,52,Sales,3.0,6766.0,No,2.0,2,0
2305,28,HR,5.0,3296.0,No,3.0,2,0
2306,54,Sales,27.0,8221.0,Yes,3.0,3,0
2307,30,R&D,10.0,3329.0,No,3.0,1,0
2308,23,Sales,29.0,1020.0,Yes,3.0,3,1
2309,57,R&D,18.0,7959.0,No,4.0,1,0
2310,28,Sales,7.0,3998.0,Yes,4.0,2,0
2311,26,HR,15.0,3352.0,No,3.0,0,0
2312,43,HR,5.0,5531.0,No,2.0,0,0
2313,55,R&D,29.0,7342.0,No,3.0,3,0
2314,37,Sales,28.0,4450.0,No,2.0,0,0
2315,35,HR,14.0,4047.0,No,4.0,2,0
2316,30,R&D,18.0,2963.0,No,2.0,2,0
2317,27,R&D,10.0,3182.0,Yes,2.0,0,1
2318,58,R&D,27.0,6821.0,No,1.0,2,0
2319,23,Sales,3.0,2638.0,No,3.0,3,0
2320,58,Sales,22.0,7759.0,No,1.0,0,0
2321,40,R&D,18.0,4258.0,Yes,3.0,3,0
2322,38,Sales,22.0,12612.0,Yes,2.0,0,1
2323,22,R&D,29.0,2440.0,No,2.0,2,1
2324,25,HR,9.0,2696.0,No,4.0,2,0
2325,58,R&D,7.0,16414.0,No,2.0,0,0
2326,51,R&D,11.0,6259.0,No,3.0,3,0
2327,51,R&D,12.0,5992.0,No,4.0,1,0
2328,50,R&D,16.0,6786.0,Yes,4.0,2,0
2329,42,R&D,16.0,5086.0,Yes,1.0,3,1
2330,24,Sales,27.0,2977.0,No,3.0,1,1
2331,46,Sales,5.0,5893.0,No,4.0,1,0
2332,24,R&D,22.0,2688.0,Yes,2.0,2,1
2333,32,Sales,27.0,4023.0,No,2.0,1,0
2334,58,Sales,25.0,8044.0,Yes,2.0,3,0
2335,42,R&D,4.0,4587.0,No,4.0,2,0
2336,35,Sales,9.0,3721.0,Yes,4.0,2,0
2337,52,R&D,2.0,6204.0,Yes,3.0,2,0
2338,48,Sales,12.0,5677.0,Yes,2.0,0,1
2339,38,R&D,20.0,4559.0,Yes,4.0,2,0
2340,45,R&D,21.0,4332.0,No,3.0,0,0
2341,56,Sales,26.0,7826.0,No,3.0,1,0
2342,40,R&D,17.0,4450.0,No,3.0,0,1
2343,55,R&D,18.0,6996.0,Yes,4.0,0,0
2344,24,HR,4.0,3401.0,No,3.0,0,0
2345,39,R&D,10.0,4653.0,No,4.0,2,0
2346,52,Sales,9.0,6587.0,No,1.0,0,0
2347,36,R&D,15.0,5082.0,No,4.0,0,0
2348,47,R&D,26.0,6193.0,No,1.0,3,0
2349,38,R&D,22.0,5141.0,No,3.0,0,0
2350,34,R&D,13.0,3513.0,No,1.0,2,1
2351,39,Sales,10.0,5112.0,No,2.0,1,0
2352,33,Sales,24.0,3579.0,No,4.0,1,0
2353,43,HR,7.0,5137.0,No,3.0,2,0
2354,58,R&D,23.0,8242.0,Yes,1.0,3,1
2355,32,Sales,6.0,4283.0,No,4.0,0,0
2356,34,Sales,18.0,3975.0,Yes,4.0,1,0
2357,57,R&D,19.0,8806.0,No,2.0,3,0
2358,46,Sales,19.0,6192.0,No,3.0,0,0
2359,40,Sales,27.0,5555.0,Yes,4.0,2,0
2360,22,HR,12.0,2470.0,No,1.0,0,0
2361,35,R&D,20.0,4020.0,No,2.0,2,0
2362,23,R&D,16.0,2973.0,Yes,3.0,1,1
2363,26,R&D,25.0,2748.0,Yes,3.0,0,1
2364,28,Sales,25.0,3063.0,No,2.0,2,0
2365,48,Sales,20.0,6350.0,Yes,1.0,2,1
2366,52,HR,6.0,6543.0,No,1.0,0,0
2367,37,HR,7.0,3959.0,No,1.0,1,0
2368,45,R&D,15.0,5620.0,No,2.0,0,0
2369,54,R&D,1.0,7450.0,Yes,2.0,3,0
2370,55,R&D,17.0,7995.0,Yes,1.0,1,1
2371,27,HR,10.0,4034.0,No,3.0,0,0
2372,24,R&D,6.0,2232.0,No,2.0,0,0
2373,55,R&D,23.0,5829.0,No,1.0,1,1
2374,32,Sales,28.0,3297.0,Yes,1.0,0,1
2375,42,Sales,22.0,4933.0,No,2.0,1,1
2376,45,R&D,20.0,5749.0,Yes,3.0,1,0
2377,23,HR,22.0,2460.0,No,3.0,2,0
2378,57,HR,20.0,6793.0,Yes,2.0,0,1
2379,51,R&D,1.0,6570.0,No,1.0,0,0
2380,48,Sales,13.0,4801.0,No,3.0,3,0
2381,28,Sales,24.0,3514.0,No,,2,0
2382,22,R&D,8.0,1999.0,Yes,1.0,3,1
2383,44,Sales,8.0,5531.0,Yes,3.0,1,0
2384,28,Sales,13.0,2792.0,Yes,1.0,2,1
2385,38,R&D,23.0,3510.0,No,3.0,0,0
2386,49,Sales,21.0,7064.0,No,4.0,1,0
2387,41,Sales,20.0,5479.0,No,1.0,3,1
2388,52,R&D,15.0,14916.0,No,1.0,1,0
2389,53,R&D,10.0,7825.0,No,4.0,3,0
2390,59,Sales,19.0,7855.0,No,1.0,0,1
2391,24,R&D,6.0,2832.0,No,2.0,0,0
2392,38,R&D,17.0,5011.0,No,3.0,0,0
2393,41,HR,11.0,5298.0,No,1.0,1,0
2394,52,Sales,17.0,7251.0,No,3.0,1,0
2395,30,Sales,12.0,2568.0,No,3.0,0,0
2396,44,Sales,7.0,6213.0,Yes,4.0,2,0
2397,53,Sales,3.0,6715.0,No,2.0,1,0
2398,45,R&D,10.0,13360.0,Yes,2.0,0,0
2399,30,HR,16.0,3699.0,No,2.0,0,0
2400,51,HR,,6765.0,No,2.0,2,0
2401,42,R&D,7.0,5072.0,Yes,1.0,3,1
2402,44,Sales,15.0,5293.0,No,3.0,3,0
2403,49,R&D,29.0,6704.0,No,2.0,0,0
2404,27,R&D,11.0,3271.0,No,3.0,2,0
2405,41,Sales,22.0,4930.0,Yes,4.0,1,0
2406,36,R&D,26.0,5552.0,No,2.0,2,0
2407,48,R&D,20.0,6646.0,No,2.0,1,0
2408,56,R&D,23.0,7806.0,Yes,3.0,2,0
2409,42,R&D,28.0,4569.0,Yes,3.0,2,1
2410,33,R&D,15.0,3851.0,No,3.0,2,0
2411,43,HR,9.0,5836.0,Yes,2.0,1,1
2412,26,Sales,23.0,3061.0,Yes,1.0,3,1
2413,22,Sales,26.0,1962.0,Yes,3.0,2,1
2414,49,Sales,21.0,5492.0,No,3.0,3,0
2415,24,HR,29.0,3625.0,No,4.0,2,0
2416,53,Sales,20.0,6806.0,Yes,1.0,0,1
2417,59,HR,14.0,8044.0,No,1.0,2,0
2418,33,R&D,1.0,4273.0,No,1.0,3,1
2419,27,Sales,2.0,3336.0,No,4.0,1,0
2420,57,R&D,15.0,7358.0,No,3.0,1,0
2421,42,R&D,6.0,4601.0,Yes,1.0,3,1
2422,47,Sales,1.0,6195.0,No,1.0,1,0
2423,24,Sales,12.0,3382.0,No,3.0,3,0
2424,23,R&D,8.0,2891.0,No,3.0,0,0
2425,30,R&D,10.0,3468.0,No,2.0,3,0
2426,59,Sales,28.0,8006.0,No,4.0,3,0
2427,38,R&D,27.0,4835.0,Yes,1.0,3,1
2428,42,Sales,29.0,4667.0,Yes,2.0,3,1
2429,42,R&D,22.0,5079.0,No,3.0,3,0
2430,56,HR,24.0,6871.0,No,1.0,0,0
2431,55,R&D,17.0,6417.0,No,1.0,3,0
2432,24,R&D,2.0,3114.0,Yes,4.0,2,1
2433,41,R&D,6.0,5694.0,No,1.0,3,0
2434,43,Sales,22.0,5378.0,No,1.0,2,0
2435,45,R&D,7.0,5502.0,No,1.0,3,0
2436,50,HR,22.0,6008.0,No,4.0,1,0
2437,33,R&D,15.0,4421.0,No,1.0,3,1
2438,56,R&D,27.0,6580.0,No,1.0,2,1
2439,44,HR,11.0,5522.0,No,1.0,1,0
2440,35,R&D,26.0,4631.0,No,1.0,3,1
2441,52,R&D,12.0,6820.0,No,3.0,1,0
2442,45,HR,8.0,5721.0,Yes,4.0,2,0
2443,55,R&D,20.0,7828.0,No,1.0,1,0
2444,37,R&D,12.0,4443.0,No,1.0,3,0
2445,22,Sales,20.0,1770.0,No,1.0,3,1
2446,43,R&D,16.0,5826.0,Yes,3.0,1,0
2447,35,R&D,19.0,4034.0,No,2.0,1,1
2448,56,Sales,22.0,7478.0,No,3.0,0,0
2449,35,Sales,28.0,3820.0,Yes,2.0,2,1
2450,24,Sales,2.0,2498.0,Yes,2.0,0,1
2451,27,R&D,3.0,3135.0,No,1.0,2,0
2452,32,Sales,20.0,4501.0,Yes,3.0,1,0
2453,58,R&D,14.0,8199.0,Yes,,2,0
2454,48,R&D,16.0,5397.0,Yes,4.0,2,0
2455,50,R&D,28.0,5537.0,Yes,1.0,2,1
2456,32,R&D,18.0,3942.0,No,1.0,2,1
2457,23,R&D,11.0,2558.0,Yes,4.0,1,0
2458,33,R&D,19.0,3848.0,No,2.0,3,0
2459,45,Sales,14.0,5830.0,Yes,2.0,1,1
2460,45,R&D,19.0,5460.0,No,2.0,2,0
2461,54,Sales,15.0,5417.0,No,1.0,0,0
2462,39,R&D,16.0,5597.0,No,4.0,3,0
2463,42,Sales,25.0,5553.0,No,3.0,3,0
2464,43,R&D,19.0,5224.0,No,4.0,2,0
2465,40,Sales,21.0,4712.0,No,1.0,0,1
2466,23,R&D,3.0,1626.0,No,2.0,0,0
2467,38,Sales,29.0,4784.0,No,3.0,0,0
2468,25,Sales,11.0,2596.0,No,3.0,0,0
2469,31,Sales,7.0,3873.0,No,2.0,3,0
2470,35,Sales,15.0,3422.0,No,4.0,3,0
2471,35,Sales,10.0,3615.0,Yes,2.0,1,1
2472,47,R&D,29.0,13830.0,No,2.0,3,0
2473,32,Sales,1.0,3850.0,Yes,4.0,1,0
2474,46,Sales,27.0,6658.0,Yes,1.0,2,1
2475,52,R&D,26.0,7461.0,No,3.0,0,0
2476,52,HR,19.0,6741.0,No,1.0,3,0
2477,52,R&D,29.0,7300.0,Yes,3.0,1,0
2478,57,R&D,,8490.0,No,3.0,0,0
2479,46,Sales,18.0,6630.0,Yes,2.0,0,0
2480,52,Sales,15.0,7730.0,No,2.0,2,0
2481,44,Sales,15.0,5265.0,Yes,3.0,3,1
2482,35,Sales,21.0,3727.0,No,1.0,2,1
2483,38,R&D,25.0,5130.0,No,4.0,3,0
2484,27,Sales,17.0,2829.0,No,2.0,1,0
2485,26,Sales,19.0,2598.0,No,4.0,3,0
2486,40,R&D,18.0,4745.0,No,2.0,1,0
2487,59,R&D,16.0,7594.0,No,1.0,0,0
2488,33,Sales,18.0,4360.0,No,4.0,1,0
2489,56,R&D,13.0,7726.0,Yes,4.0,0,0
2490,36,R&D,29.0,5243.0,Yes,1.0,0,1
2491,57,Sales,25.0,7874.0,Yes,1.0,2,1
2492,43,Sales,2.0,6227.0,No,1.0,0,0
2493,34,R&D,1.0,3730.0,No,1.0,2,1
2494,35,Sales,12.0,4301.0,Yes,3.0,1,0
2495,27,R&D,15.0,2869.0,No,4.0,0,0
2496,32,R&D,14.0,3611.0,No,2.0,0,0
2497,51,R&D,26.0,6271.0,Yes,2.0,1,1
2498,24,Sales,14.0,3171.0,No,3.0,0,0
2499,30,R&D,6.0,4371.0,No,1.0,3,0
2500,36,R&D,2.0,3877.0,No,3.0,3,0
2501,28,R&D,6.0,3745.0,No,2.0,1,0
2502,25,HR,14.0,1681.0,No,1.0,2,1
2503,53,Sales,2.0,7494.0,No,4.0,3,0
2504,33,Sales,6.0,3924.0,No,4.0,1,0
2505,46,Sales,25.0,6325.0,Yes,2.0,0,1
2506,53,R&D,14.0,7476.0,No,4.0,1,0
2507,36,Sales,12.0,4842.0,Yes,4.0,3,0
2508,51,Sales,27.0,7339.0,Yes,2.0,3,1
2509,48,HR,11.0,5957.0,No,3.0,2,0
2510,29,R&D,23.0,3720.0,Yes,3.0,1,0
2511,48,HR,17.0,5817.0,No,1.0,2,0
2512,36,Sales,21.0,4255.0,No,4.0,1,0
2513,27,R&D,18.0,2236.0,No,2.0,1,1
2514,54,HR,7.0,7149.0,No,2.0,0,0
2515,42,R&D,2.0,5488.0,Yes,3.0,2,1
2516,45,R&D,13.0,6247.0,No,4.0,1,0
2517,44,Sales,14.0,4999.0,No,1.0,2,0
2518,35,Sales,26.0,4208.0,No,1.0,2,1
2519,45,R&D,22.0,6536.0,No,3.0,1,0
2520,52,Sales,5.0,7581.0,No,2.0,1,0
2521,24,R&D,27.0,2182.0,Yes,4.0,1,1
2522,42,R&D,24.0,5381.0,No,1.0,1,1
2523,41,Sales,22.0,5362.0,No,1.0,2,0
2524,49,R&D,1.0,6490.0,No,3.0,0,0
2525,58,Sales,13.0,6262.0,No,1.0,0,0
2526,26,R&D,23.0,3617.0,No,3.0,2,1
2527,37,Sales,5.0,4301.0,No,4.0,3,0
2528,48,Sales,25.0,5854.0,Yes,1.0,0,1
2529,44,Sales,22.0,5523.0,No,3.0,2,0
2530,53,R&D,15.0,6966.0,No,1.0,3,0
2531,51,R&D,5.0,6368.0,Yes,4.0,1,0
2532,27,Sales,19.0,3247.0,No,3.0,2,0
2533,28,R&D,21.0,2295.0,No,2.0,1,0
2534,36,R&D,6.0,4101.0,No,1.0,3,0
2535,39,R&D,15.0,5343.0,No,2.0,1,0
2536,36,R&D,13.0,4487.0,No,3.0,3,0
2537,24,R&D,16.0,2689.0,Yes,1.0,1,1
2538,28,Sales,1.0,4164.0,No,2.0,0,0
2539,55,R&D,4.0,7493.0,No,3.0,3,0
2540,52,HR,28.0,6874.0,Yes,1.0,0,1
2541,22,R&D,9.0,2397.0,No,3.0,0,0
2542,27,R&D,16.0,3648.0,No,1.0,1,0
2543,51,R&D,4.0,6287.0,Yes,2.0,3,0
2544,24,Sales,20.0,3257.0,No,4.0,3,0
2545,35,R&D,14.0,4334.0,No,1.0,2,0
2546,26,Sales,22.0,2905.0,Yes,3.0,2,1
2547,44,R&D,16.0,5864.0,No,1.0,0,0
2548,48,R&D,9.0,5756.0,No,4.0,3,0
2549,25,Sales,1.0,3433.0,Yes,1.0,2,1
2550,26,R&D,13.0,2540.0,Yes,3.0,1,1
2551,33,R&D,1.0,3693.0,No,2.0,2,0
2552,36,R&D,25.0,4231.0,No,2.0,0,0
2553,54,Sales,6.0,7134.0,Yes,4.0,2,0
2554,47,Sales,2.0,5813.0,No,3.0,0,0
2555,28,R&D,5.0,3031.0,Yes,4.0,0,0
2556,45,R&D,7.0,5721.0,Yes,3.0,1,1
2557,41,R&D,8.0,5162.0,No,3.0,0,0
2558,46,Sales,25.0,6373.0,No,1.0,1,0
2559,41,R&D,22.0,5330.0,Yes,1.0,3,1
2560,38,R&D,25.0,4146.0,No,2.0,1,0
2561,48,R&D,5.0,6266.0,No,2.0,2,0
2562,57,R&D,29.0,7684.0,Yes,4.0,1,0
2563,56,Sales,29.0,7513.0,Yes,,2,1
2564,30,Sales,1.0,4153.0,Yes,4.0,1,0
2565,50,R&D,25.0,6642.0,No,4.0,2,0
2566,38,R&D,,3885.0,Yes,3.0,2,0
2567,28,Sales,5.0,2834.0,No,1.0,1,1
2568,34,Sales,19.0,4239.0,No,2.0,2,0
2569,39,Sales,18.0,5801.0,Yes,,1,1
2570,55,Sales,3.0,14657.0,Yes,4.0,1,0
2571,32,Sales,8.0,4358.0,Yes,,2,0
2572,35,R&D,5.0,4474.0,No,4.0,0,0
2573,37,R&D,7.0,4658.0,No,3.0,0,0
2574,40,R&D,5.0,5651.0,No,1.0,2,0
2575,30,HR,23.0,3189.0,No,1.0,0,1
2576,50,R&D,5.0,6565.0,Yes,2.0,1,1
2577,30,R&D,24.0,4749.0,No,3.0,0,1
2578,23,Sales,13.0,2532.0,No,3.0,3,0
2579,28,R&D,1.0,3220.0,No,1.0,3,1
2580,57,Sales,20.0,7330.0,No,4.0,3,0
2581,42,R&D,14.0,4805.0,No,3.0,1,0
2582,44,Sales,1.0,4960.0,No,4.0,3,0
2583,57,R&D,16.0,8088.0,Yes,2.0,3,1
2584,52,HR,5.0,6110.0,Yes,4.0,1,0
2585,49,Sales,26.0,7462.0,Yes,3.0,1,1
2586,37,Sales,17.0,4681.0,No,4.0,2,0
2587,46,Sales,29.0,6238.0,No,1.0,2,1
2588,57,Sales,25.0,8152.0,No,2.0,3,0
2589,30,R&D,17.0,3300.0,No,2.0,3,0
2590,24,R&D,12.0,3063.0,Yes,2.0,0,1
2591,31,R&D,26.0,4422.0,No,4.0,3,0
2592,57,HR,6.0,8834.0,No,4.0,1,0
2593,30,Sales,16.0,4484.0,Yes,3.0,1,0
2594,22,R&D,20.0,2315.0,Yes,2.0,2,1
2595,22,R&D,13.0,2795.0,Yes,3.0,0,1
2596,30,R&D,23.0,3574.0,Yes,2.0,1,1
2597,48,Sales,16.0,5720.0,No,3.0,2,0
2598,52,R&D,12.0,7506.0,No,4.0,1,0
2599,24,Sales,17.0,3297.0,No,4.0,1,0
2600,40,HR,18.0,4714.0,No,2.0,2,0
2601,54,HR,27.0,7407.0,No,2.0,3,0
2602,27,Sales,6.0,2261.0,No,3.0,3,0
2603,47,R&D,28.0,5798.0,No,3.0,0,0
2604,45,Sales,20.0,5907.0,No,1.0,1,0
2605,41,R&D,9.0,5221.0,Yes,4.0,2,0
2606,34,R&D,22.0,4539.0,No,3.0,2,0
2607,39,R&D,27.0,5256.0,No,4.0,0,0
2608,50,R&D,28.0,7245.0,No,4.0,2,0
2609,50,R&D,17.0,6302.0,No,1.0,3,0
2610,37,R&D,4.0,4460.0,Yes,1.0,0,1
2611,25,R&D,17.0,3007.0,Yes,3.0,0,1
2612,51,R&D,9.0,6559.0,No,4.0,0,0
2613,32,R&D,8.0,3497.0,No,2.0,0,0
2614,22,Sales,2.0,1298.0,Yes,2.0,0,1
2615,49,Sales,12.0,6513.0,No,3.0,0,0
2616,29,R&D,14.0,3235.0,Yes,4.0,2,0
2617,31,R&D,4.0,3650.0,No,1.0,0,0
2618,27,R&D,9.0,2371.0,No,2.0,1,0
2619,49,R&D,22.0,6121.0,No,2.0,2,0
2620,59,Sales,7.0,7924.0,No,2.0,1,0
2621,36,Sales,7.0,3810.0,No,2.0,3,0
2622,47,R&D,20.0,7114.0,No,3.0,2,0
2623,26,R&D,8.0,2799.0,Yes,2.0,2,1
2624,24,R&D,23.0,2660.0,No,3.0,1,0
2625,34,R&D,21.0,4194.0,No,3.0,2,0
2626,39,HR,13.0,4832.0,Yes,2.0,3,1
2627,50,Sales,22.0,6762.0,Yes,3.0,2,0
2628,45,Sales,27.0,4680.0,Yes,1.0,0,1
2629,39,R&D,13.0,4758.0,No,4.0,2,0
2630,38,R&D,20.0,5416.0,No,2.0,0,0
2631,53,Sales,9.0,6431.0,Yes,3.0,0,0
2632,57,Sales,17.0,7156.0,No,1.0,0,0
2633,27,R&D,3.0,3242.0,Yes,2.0,2,1
2634,43,R&D,20.0,4839.0,No,3.0,2,0
2635,37,HR,20.0,3920.0,No,4.0,0,0
2636,58,Sales,11.0,7925.0,No,1.0,2,0
2637,31,R&D,25.0,3695.0,No,4.0,2,0
2638,49,R&D,29.0,6741.0,No,2.0,0,0
2639,29,R&D,2.0,2928.0,Yes,1.0,3,1
2640,48,Sales,12.0,6540.0,No,4.0,2,0
2641,58,R&D,16.0,7232.0,Yes,2.0,3,1
2642,46,HR,2.0,5909.0,No,3.0,3,0
2643,48,Sales,1.0,6755.0,No,4.0,2,0
2644,39,R&D,7.0,5129.0,Yes,1.0,3,1
2645,24,R&D,28.0,2660.0,No,3.0,1,0
2646,55,Sales,28.0,7741.0,No,3.0,1,0
2647,34,R&D,10.0,4080.0,No,1.0,2,1
2648,52,R&D,27.0,6303.0,No,3.0,2,0
2649,35,R&D,9.0,4647.0,Yes,4.0,0,0
2650,56,HR,27.0,6518.0,No,4.0,2,0
2651,50,R&D,17.0,5646.0,No,3.0,3,0
2652,36,Sales,27.0,5050.0,Yes,1.0,0,1
2653,51,Sales,27.0,6063.0,No,4.0,2,0
2654,34,R&D,14.0,4267.0,No,,1,1
2655,33,R&D,27.0,4657.0,Yes,1.0,1,1
2656,43,HR,13.0,5895.0,Yes,3.0,3,0
2657,27,Sales,2.0,3628.0,No,2.0,1,0
2658,28,R&D,26.0,3795.0,No,1.0,0,1
2659,51,R&D,26.0,7208.0,Yes,2.0,1,0
2660,53,HR,25.0,7214.0,Yes,2.0,2,0
2661,59,R&D,17.0,7527.0,No,4.0,0,0
2662,22,Sales,16.0,2512.0,No,4.0,0,0
2663,57,R&D,1.0,6861.0,Yes,1.0,3,0
2664,48,R&D,20.0,5837.0,No,3.0,1,0
2665,33,R&D,15.0,3825.0,Yes,2.0,2,1
2666,27,HR,21.0,2855.0,Yes,3.0,2,1
2667,45,R&D,28.0,5722.0,No,1.0,2,1
2668,25,HR,18.0,2308.0,No,2.0,3,1
2669,25,R&D,3.0,2603.0,No,4.0,0,0
2670,25,R&D,13.0,3190.0,Yes,3.0,0,1
2671,38,Sales,20.0,3544.0,Yes,2.0,1,1
2672,43,Sales,20.0,5826.0,No,3.0,2,0
2673,48,Sales,4.0,6260.0,Yes,3.0,2,0
2674,30,HR,12.0,4458.0,Yes,1.0,0,0
2675,46,Sales,26.0,13562.0,Yes,3.0,3,0
2676,57,R&D,28.0,7716.0,No,3.0,1,0
2677,59,Sales,9.0,8845.0,No,4.0,1,0
2678,59,R&D,4.0,7702.0,No,2.0,0,0
2679,50,R&D,22.0,6131.0,No,2.0,0,0
2680,25,Sales,6.0,2373.0,No,4.0,1,0
2681,39,Sales,17.0,4598.0,No,4.0,3,0
2682,36,HR,19.0,4989.0,Yes,1.0,3,1
2683,48,R&D,13.0,6990.0,No,4.0,3,0
2684,56,R&D,16.0,7345.0,No,2.0,3,0
2685,32,R&D,20.0,4084.0,No,4.0,2,0
2686,57,HR,8.0,8824.0,Yes,3.0,0,0
2687,29,Sales,11.0,3373.0,Yes,3.0,0,0
2688,49,Sales,21.0,5604.0,No,2.0,2,0
2689,59,Sales,15.0,8439.0,No,1.0,2,0
2690,22,R&D,23.0,1715.0,Yes,2.0,2,1
2691,49,R&D,28.0,6869.0,No,4.0,3,0
2692,26,R&D,16.0,3012.0,Yes,4.0,0,0
2693,34,Sales,7.0,4708.0,Yes,2.0,2,1
2694,26,R&D,3.0,2530.0,No,3.0,0,0
2695,39,R&D,8.0,6171.0,No,2.0,1,0
2696,54,Sales,17.0,7021.0,No,2.0,2,0
2697,23,R&D,12.0,10451.0,Yes,3.0,1,0
2698,44,R&D,11.0,5644.0,No,1.0,1,0
2699,24,Sales,27.0,1702.0,No,3.0,0,1
2700,38,R&D,2.0,4497.0,No,4.0,1,0
2701,51,R&D,14.0,6101.0,No,1.0,2,0
2702,52,R&D,20.0,6786.0,No,4.0,0,0
2703,30,R&D,,3786.0,No,4.0,2,0
2704,31,Sales,4.0,3304.0,No,1.0,2,1
2705,30,R&D,3.0,3127.0,No,2.0,2,0
2706,51,R&D,6.0,6133.0,No,3.0,0,0
2707,41,Sales,13.0,5143.0,No,4.0,1,0
2708,27,R&D,4.0,2540.0,No,1.0,2,0
2709,59,R&D,12.0,8269.0,No,3.0,1,0
2710,53,Sales,20.0,7455.0,Yes,3.0,1,0
2711,42,R&D,14.0,4640.0,No,2.0,1,0
2712,47,R&D,2.0,6035.0,Yes,1.0,0,0
2713,41,R&D,16.0,6156.0,No,4.0,3,0
2714,56,R&D,6.0,7010.0,No,1.0,0,0
2715,33,Sales,19.0,3570.0,Yes,4.0,2,0
2716,57,Sales,25.0,6536.0,No,3.0,2,0
2717,52,R&D,7.0,6371.0,No,1.0,1,0
2718,24,Sales,27.0,3083.0,No,2.0,3,1
2719,29,Sales,6.0,3528.0,No,1.0,3,0
2720,41,Sales,17.0,5308.0,No,1.0,0,0
2721,40,R&D,26.0,4905.0,Yes,3.0,2,0
2722,27,R&D,7.0,3305.0,No,2.0,0,0
2723,24,R&D,10.0,1432.0,Yes,1.0,3,1
2724,52,R&D,12.0,6821.0,No,4.0,0,0
2725,51,Sales,19.0,7738.0,No,3.0,2,0
2726,30,Sales,9.0,3036.0,Yes,4.0,0,0
2727,51,R&D,19.0,5874.0,No,4.0,2,0
2728,25,Sales,18.0,1916.0,Yes,3.0,3,1
2729,39,HR,16.0,4985.0,No,3.0,0,0
2730,40,Sales,5.0,4840.0,Yes,4.0,3,0
2731,35,R&D,11.0,3359.0,No,3.0,3,0
2732,59,R&D,14.0,7922.0,No,1.0,3,0
2733,23,R&D,10.0,2380.0,Yes,3.0,3,0
2734,32,R&D,10.0,3770.0,No,2.0,1,0
2735,50,R&D,13.0,5854.0,Yes,4.0,2,0
2736,58,R&D,13.0,7263.0,Yes,4.0,0,0
2737,49,Sales,1.0,5689.0,No,1.0,3,0
2738,42,Sales,4.0,5942.0,No,4.0,1,0
2739,46,HR,26.0,6604.0,No,3.0,1,0
2740,34,R&D,17.0,3845.0,Yes,1.0,1,1
2741,41,HR,21.0,4913.0,No,4.0,0,0
2742,55,R&D,27.0,7930.0,Yes,4.0,3,0
2743,29,Sales,3.0,2760.0,No,1.0,1,0
2744,40,R&D,4.0,5414.0,Yes,4.0,2,0
2745,26,HR,25.0,2692.0,No,2.0,0,1
2746,45,R&D,8.0,5435.0,No,1.0,1,0
2747,52,R&D,19.0,6301.0,No,1.0,0,1
2748,43,Sales,29.0,5080.0,Yes,4.0,0,0
2749,57,R&D,25.0,7739.0,No,1.0,1,0
2750,41,R&D,18.0,14553.0,No,3.0,3,0
2751,59,Sales,29.0,7079.0,No,3.0,3,0
2752,36,R&D,17.0,4194.0,No,1.0,2,0
2753,22,Sales,29.0,1997.0,No,3.0,1,1
2754,22,Sales,23.0,2340.0,No,3.0,0,0
2755,25,HR,13.0,3012.0,No,4.0,3,0
2756,51,Sales,13.0,6689.0,Yes,4.0,2,0
2757,38,R&D,22.0,4909.0,No,1.0,2,1
2758,28,R&D,23.0,3812.0,No,,0,1
2759,48,Sales,1.0,6447.0,Yes,1.0,3,0
2760,44,Sales,9.0,13498.0,No,2.0,2,0
2761,51,R&D,26.0,7658.0,Yes,3.0,3,0
2762,22,R&D,19.0,2487.0,No,2.0,3,0
2763,47,Sales,28.0,6625.0,No,4.0,1,0
2764,39,R&D,15.0,5039.0,No,3.0,0,0
2765,50,R&D,,7523.0,No,1.0,3,0
2766,40,Sales,16.0,4583.0,No,4.0,1,0
2767,30,Sales,8.0,3295.0,Yes,4.0,3,0
2768,30,R&D,4.0,3793.0,No,4.0,1,0
2769,41,R&D,7.0,5365.0,No,3.0,1,0
2770,31,R&D,18.0,3601.0,No,1.0,1,0
2771,49,HR,7.0,7087.0,No,4.0,2,0
2772,44,Sales,14.0,5399.0,Yes,4.0,1,0
2773,39,R&D,12.0,5365.0,No,3.0,3,0
2774,30,R&D,13.0,3611.0,No,3.0,2,0
2775,40,Sales,24.0,4993.0,No,3.0,3,0
2776,47,Sales,16.0,6414.0,No,4.0,3,0
2777,54,Sales,28.0,6778.0,No,2.0,1,0
2778,26,Sales,2.0,3835.0,Yes,1.0,3,1
2779,27,R&D,27.0,3311.0,No,1.0,0,1
2780,25,R&D,8.0,3195.0,No,4.0,0,0
2781,46,Sales,9.0,7077.0,Yes,2.0,1,0
2782,34,R&D,17.0,4084.0,No,4.0,2,0
2783,49,R&D,8.0,6634.0,No,4.0,2,0
2784,28,R&D,28.0,3763.0,No,4.0,2,0
2785,25,R&D,19.0,3144.0,No,3.0,2,0
2786,26,HR,28.0,2563.0,No,4.0,2,0
2787,33,R&D,8.0,4202.0,No,1.0,3,0
2788,38,R&D,20.0,4090.0,Yes,4.0,1,0
2789,59,R&D,24.0,8030.0,No,1.0,0,0
2790,48,Sales,22.0,6066.0,Yes,4.0,0,0
2791,45,Sales,16.0,5626.0,No,2.0,2,0
2792,58,Sales,19.0,7321.0,No,1.0,0,0
2793,33,Sales,21.0,4486.0,No,4.0,3,0
2794,40,R&D,12.0,5223.0,Yes,1.0,0,0
2795,37,Sales,24.0,4424.0,No,4.0,1,0
2796,59,Sales,10.0,7766.0,No,1.0,2,0
2797,44,Sales,19.0,5110.0,Yes,1.0,2,1
2798,55,R&D,26.0,6961.0,Yes,2.0,3,0
2799,55,R&D,19.0,8104.0,No,4.0,2,0
2800,32,R&D,11.0,3342.0,No,3.0,3,0
2801,35,R&D,27.0,4353.0,No,3.0,3,0
2802,46,R&D,26.0,6328.0,No,4.0,2,0
2803,25,R&D,17.0,2170.0,No,1.0,1,1
2804,58,R&D,13.0,8213.0,No,4.0,3,0
2805,39,Sales,14.0,4067.0,Yes,4.0,0,0
2806,32,R&D,18.0,2847.0,No,4.0,1,0
2807,53,R&D,4.0,6121.0,No,2.0,2,0
2808,31,R&D,18.0,3612.0,No,4.0,1,0
2809,38,HR,17.0,4294.0,No,4.0,2,0
2810,35,HR,1.0,3961.0,No,3.0,2,1
2811,38,R&D,4.0,4811.0,No,4.0,1,0
2812,27,Sales,7.0,3199.0,No,4.0,1,0
2813,25,HR,19.0,2415.0,No,4.0,1,0
2814,22,Sales,5.0,1724.0,No,2.0,1,0
2815,57,Sales,25.0,7061.0,Yes,2.0,3,1
2816,50,R&D,13.0,6985.0,Yes,2.0,0,0
2817,58,R&D,1.0,7204.0,No,1.0,2,0
2818,52,R&D,8.0,6409.0,No,2.0,1,0
2819,30,R&D,29.0,3761.0,Yes,4.0,3,1
2820,47,Sales,28.0,6450.0,No,3.0,3,0
2821,37,R&D,23.0,3993.0,Yes,4.0,1,1
2822,52,R&D,21.0,6156.0,No,1.0,2,0
2823,48,Sales,16.0,6496.0,No,1.0,3,0
2824,43,R&D,7.0,5092.0,No,,2,0
2825,31,R&D,11.0,3142.0,Yes,4.0,0,0
2826,44,R&D,17.0,5430.0,No,3.0,2,0
2827,26,R&D,23.0,2979.0,No,4.0,2,0
2828,58,Sales,14.0,8385.0,No,3.0,1,0
2829,31,R&D,7.0,3195.0,No,3.0,0,0
2830,34,R&D,16.0,4693.0,No,4.0,1,0
2831,54,R&D,18.0,6678.0,No,4.0,1,0
2832,58,R&D,22.0,7464.0,No,1.0,2,0
2833,27,Sales,15.0,3605.0,No,1.0,0,1
2834,56,Sales,3.0,7739.0,Yes,4.0,2,0
2835,55,Sales,20.0,7208.0,Yes,4.0,2,0
2836,41,Sales,13.0,5412.0,No,4.0,2,0
2837,23,R&D,14.0,2269.0,No,2.0,3,0
2838,45,Sales,3.0,6063.0,Yes,3.0,0,0
2839,39,R&D,7.0,5692.0,No,3.0,2,0
2840,31,R&D,26.0,3455.0,No,4.0,3,0
2841,53,R&D,22.0,6763.0,No,2.0,0,0
2842,33,R&D,29.0,4874.0,Yes,4.0,3,1
2843,23,HR,24.0,9587.0,Yes,1.0,0,1
2844,26,R&D,15.0,2732.0,Yes,4.0,3,0
2845,53,R&D,15.0,7146.0,No,3.0,2,0
2846,48,Sales,29.0,7439.0,Yes,3.0,1,0
2847,35,Sales,6.0,3394.0,No,4.0,0,0
2848,32,R&D,28.0,3324.0,No,1.0,3,1
2849,49,R&D,15.0,6333.0,No,4.0,3,0
2850,53,Sales,23.0,6845.0,No,4.0,0,0
2851,40,R&D,16.0,12780.0,No,,0,0
2852,34,Sales,2.0,4367.0,No,1.0,0,0
2853,38,Sales,12.0,3721.0,No,4.0,3,0
2854,50,R&D,25.0,6665.0,Yes,1.0,1,1
2855,40,R&D,28.0,3773.0,No,3.0,1,0
2856,46,R&D,28.0,5621.0,No,4.0,1,0
2857,38,R&D,25.0,5683.0,Yes,1.0,0,1
2858,35,R&D,7.0,4320.0,No,2.0,3,0
2859,41,Sales,21.0,5137.0,No,3.0,3,0
2860,58,R&D,9.0,7260.0,No,2.0,2,0
2861,52,Sales,12.0,6557.0,No,1.0,0,0
2862,27,R&D,3.0,2817.0,Yes,2.0,1,1
2863,33,Sales,5.0,3763.0,No,4.0,3,0
2864,47,Sales,28.0,6431.0,Yes,3.0,0,1
2865,48,Sales,6.0,6882.0,No,4.0,0,0
2866,36,R&D,5.0,4448.0,No,2.0,1,0
2867,32,Sales,7.0,3849.0,No,2.0,3,1
2868,47,HR,13.0,5202.0,Yes,3.0,3,0
2869,28,Sales,11.0,3210.0,No,1.0,0,1
2870,59,R&D,11.0,7377.0,No,3.0,1,0
2871,45,R&D,15.0,5186.0,Yes,2.0,3,1
2872,48,Sales,17.0,6681.0,No,2.0,0,0
2873,44,R&D,3.0,6487.0,No,3.0,1,0
2874,24,Sales,8.0,2888.0,No,2.0,2,0
2875,39,Sales,5.0,4339.0,No,1.0,3,0
2876,33,R&D,9.0,3930.0,No,4.0,1,0
2877,25,Sales,16.0,3298.0,No,1.0,2,1
2878,39,Sales,28.0,4901.0,Yes,4.0,2,0
2879,42,R&D,27.0,5461.0,No,1.0,3,0
2880,44,Sales,15.0,5889.0,No,3.0,2,0
2881,36,Sales,12.0,4048.0,No,2.0,0,0
2882,44,R&D,28.0,5670.0,No,1.0,1,0
2883,46,Sales,29.0,5292.0,No,2.0,2,0
2884,35,R&D,14.0,4605.0,No,4.0,1,0
2885,24,Sales,18.0,1856.0,No,2.0,2,0
2886,44,R&D,20.0,5377.0,No,2.0,1,0
2887,36,R&D,21.0,4164.0,No,3.0,3,0
2888,58,Sales,5.0,7362.0,No,2.0,0,0
2889,27,Sales,20.0,3452.0,No,3.0,2,0
2890,29,R&D,17.0,2609.0,No,3.0,0,0
2891,32,Sales,14.0,3315.0,No,1.0,3,1
2892,44,Sales,16.0,5699.0,No,1.0,1,0
2893,38,R&D,27.0,4434.0,No,1.0,3,1
2894,49,R&D,13.0,6350.0,No,1.0,1,0
2895,44,Sales,13.0,6069.0,No,1.0,2,0
2896,38,R&D,16.0,4331.0,No,1.0,2,1
2897,26,R&D,13.0,2507.0,No,4.0,0,0
2898,31,HR,29.0,3249.0,No,4.0,1,0
2899,39,Sales,25.0,5848.0,No,2.0,0,0
2900,44,Sales,,5487.0,No,3.0,3,0
2901,49,Sales,5.0,7082.0,No,3.0,1,0
2902,42,R&D,4.0,4929.0,Yes,3.0,1,0
2903,33,R&D,1.0,4483.0,No,1.0,0,1
2904,23,Sales,11.0,2653.0,Yes,4.0,0,0
2905,45,Sales,,5556.0,No,3.0,0,0
2906,30,R&D,15.0,3689.0,No,1.0,2,1
2907,46,Sales,10.0,6334.0,Yes,3.0,2,1
2908,30,R&D,16.0,3403.0,Yes,4.0,3,1
2909,45,Sales,24.0,5683.0,No,3.0,3,0
2910,36,R&D,20.0,4505.0,No,3.0,2,0
2911,44,Sales,8.0,5163.0,No,1.0,2,1
2912,39,R&D,14.0,5548.0,Yes,1.0,2,0
2913,51,R&D,16.0,6293.0,No,3.0,2,0
2914,30,Sales,5.0,3481.0,Yes,3.0,1,0
2915,49,Sales,3.0,7228.0,Yes,2.0,2,0
2916,47,R&D,13.0,6545.0,No,4.0,0,0
2917,32,R&D,15.0,4390.0,Yes,1.0,0,1
2918,48,Sales,20.0,6454.0,Yes,3.0,3,0
2919,33,Sales,11.0,4619.0,No,4.0,3,0
2920,50,R&D,21.0,6787.0,No,2.0,2,0
2921,31,R&D,6.0,3393.0,Yes,2.0,3,1
2922,59,R&D,16.0,7625.0,No,4.0,2,0
2923,57,R&D,7.0,7744.0,No,3.0,1,0
2924,42,R&D,2.0,5530.0,No,2.0,2,0
2925,27,Sales,17.0,3358.0,No,2.0,0,0
2926,42,HR,29.0,4912.0,No,3.0,1,0
2927,54,R&D,16.0,7956.0,No,1.0,3,0
2928,32,Sales,2.0,3480.0,No,2.0,0,0
2929,58,Sales,29.0,8419.0,Yes,3.0,3,0
2930,44,Sales,1.0,6489.0,No,4.0,0,0
2931,51,Sales,4.0,6756.0,No,1.0,1,0
2932,40,R&D,1.0,5181.0,Yes,4.0,3,0
2933,26,R&D,13.0,2555.0,Yes,2.0,0,0
2934,36,R&D,24.0,4377.0,Yes,4.0,3,0
2935,47,Sales,28.0,5533.0,No,3.0,2,0
2936,56,R&D,23.0,7948.0,No,4.0,2,0
2937,55,R&D,17.0,6987.0,No,3.0,2,0
2938,37,HR,5.0,4287.0,No,3.0,3,0
2939,37,Sales,1.0,3884.0,No,2.0,1,0
2940,56,Sales,22.0,7313.0,Yes,4.0,1,0
2941,35,HR,22.0,4926.0,No,4.0,3,0
2942,49,R&D,22.0,6069.0,No,1.0,3,0
2943,55,Sales,4.0,7080.0,No,2.0,2,0
2944,38,Sales,12.0,4794.0,No,3.0,2,0
2945,29,Sales,13.0,3178.0,No,4.0,2,0
2946,47,R&D,12.0,6255.0,Yes,3.0,3,0
2947,44,Sales,20.0,5087.0,No,1.0,2,1
2948,29,HR,25.0,3764.0,Yes,4.0,3,0
2949,22,R&D,15.0,2317.0,Yes,2.0,3,1
2950,40,Sales,4.0,5181.0,No,1.0,2,0
2951,25,R&D,25.0,2765.0,No,3.0,2,0
2952,48,R&D,11.0,5436.0,Yes,4.0,1,0
2953,34,HR,14.0,3743.0,Yes,2.0,1,1
2954,39,HR,18.0,5260.0,No,4.0,2,0
2955,26,HR,11.0,3596.0,Yes,2.0,0,1
2956,39,R&D,23.0,5027.0,Yes,2.0,1,0
2957,42,R&D,15.0,5310.0,No,4.0,2,0
2958,22,R&D,5.0,1879.0,No,4.0,1,0
2959,42,Sales,15.0,4711.0,No,1.0,2,1
2960,48,Sales,29.0,6007.0,No,2.0,2,0
2961,53,Sales,1.0,6158.0,Yes,2.0,2,0
2962,41,R&D,20.0,5235.0,Yes,4.0,3,0
2963,22,Sales,3.0,2432.0,No,4.0,0,0
2964,41,R&D,28.0,5242.0,No,3.0,3,0
2965,51,R&D,28.0,6200.0,Yes,1.0,2,1
2966,25,Sales,7.0,2382.0,No,1.0,2,1
2967,39,HR,24.0,5144.0,Yes,1.0,3,1
2968,28,Sales,26.0,2840.0,No,4.0,3,0
2969,37,R&D,13.0,4523.0,Yes,2.0,2,1
2970,39,R&D,21.0,4732.0,No,4.0,2,0
2971,54,Sales,27.0,7075.0,Yes,4.0,1,0
2972,49,Sales,10.0,6862.0,No,4.0,3,0
2973,57,Sales,20.0,7739.0,No,3.0,2,0
2974,39,R&D,28.0,4078.0,No,2.0,0,1
2975,48,Sales,25.0,5407.0,Yes,1.0,1,1
2976,44,Sales,10.0,5442.0,No,2.0,1,1
2977,55,R&D,1.0,7887.0,Yes,4.0,2,0
2978,32,Sales,,4227.0,No,4.0,3,0
2979,58,Sales,,8035.0,No,1.0,3,0
2980,27,R&D,26.0,2765.0,Yes,1.0,2,1
2981,43,R&D,26.0,5062.0,Yes,3.0,0,1
2982,55,HR,24.0,7627.0,Yes,2.0,0,1
2983,54,HR,16.0,7165.0,Yes,3.0,2,1
2984,52,R&D,24.0,6766.0,No,1.0,0,1
2985,55,HR,21.0,7680.0,Yes,2.0,2,1
2986,32,Sales,22.0,4129.0,No,2.0,1,0
2987,53,R&D,21.0,6416.0,No,1.0,1,0
2988,31,R&D,5.0,3464.0,No,1.0,0,0
2989,27,Sales,29.0,3538.0,Yes,2.0,2,1
2990,41,Sales,27.0,5945.0,No,1.0,2,1
2991,48,Sales,8.0,6079.0,Yes,4.0,1,0
2992,34,HR,24.0,4146.0,No,3.0,1,0
2993,26,HR,5.0,2998.0,Yes,3.0,1,1
2994,23,R&D,7.0,1875.0,No,3.0,2,0
2995,48,Sales,7.0,6229.0,No,1.0,3,0
2996,23,HR,5.0,1584.0,Yes,3.0,2,1
2997,38,Sales,7.0,4529.0,Yes,4.0,3,0
2998,44,R&D,4.0,6042.0,No,4.0,3,0
2999,32,R&D,24.0,3398.0,Yes,2.0,0,1
3000,56,R&D,19.0,7320.0,No,4.0,2,0
